"locus"	"Half-life"	"RPKM"
BCE_0001	1.8	502
BCE_0002	1.9	233
BCE_0003	2.1	569
BCE_0004	2.0	656
BCE_0005	2.0	773
BCE_0006	2.6	540
BCE_0007	2.0	8170
BCE_0008	NA	NA
BCE_0009	3.1	375
BCE_0010	1.8	281
BCE_0011	8.3	551
BCE_0012	7.5	420
BCE_0013	7.0	264
BCE_0014	2.9	560
BCE_0015	3.0	323
BCE_0016	NA	207
BCE_0017	NA	19
BCE_0018	NA	29
BCE_0019	2.3	40
BCE_0020	1.9	797
BCE_0021	3.3	794
BCE_0022	3.1	650
BCE_0023	3.4	585
BCE_0024	3.1	706
BCE_0025	NA	NA
BCE_0026	NA	NA
BCE_0027	1.3	76
BCE_0028	1.3	217
BCE_0029	1.2	162
BCE_0030	1.5	389
BCE_0031	1.7	266
BCE_0032	1.6	95
BCE_0033	1.4	111
BCE_0034	1.5	113
BCE_0035	2.9	2179
BCE_0036	2.5	356
BCE_0037	2.9	54
BCE_0038	1.7	105
BCE_0039	1.9	120
BCE_0040	1.2	8
BCE_0041	NA	NA
BCE_0042	NA	82
BCE_0043	2.5	179
BCE_0044	3.8	246
BCE_0045	NA	294
BCE_0046	5.4	271
BCE_0047	3.4	1511
BCE_0048	3.4	565
BCE_0049	2.7	167
BCE_0050	2.7	136
BCE_0051	3.3	159
BCE_0052	4.1	78
BCE_0053	2.2	121
BCE_0054	2.6	215
BCE_0055	2.4	163
BCE_0056	3.2	148
BCE_0057	2.3	195
BCE_0058	2.4	320
BCE_0059	3.1	1374
BCE_0060	NA	NA
BCE_0061	1.4	659
BCE_0062	1.6	939
BCE_0063	2.8	726
BCE_0064	2.4	270
BCE_0065	2.8	325
BCE_0066	2.9	383
BCE_0067	3.8	131
BCE_0068	4.7	153
BCE_0069	3.9	188
BCE_0070	4.7	236
BCE_0071	3.3	176
BCE_0072	4.2	181
BCE_0073	3.2	260
BCE_0074	4.4	149
BCE_0075	4.6	591
BCE_0076	3.0	331
BCE_0077	3.1	563
BCE_0078	2.0	158
BCE_0079	2.3	148
BCE_0080	2.7	162
BCE_0081	3.2	167
BCE_0082	2.1	140
BCE_0083	1.8	119
BCE_0084	1.8	236
BCE_0085	2.1	261
BCE_0086	3.5	177
BCE_0087	2.1	407
BCE_0088	2.8	309
BCE_0089	3.0	397
BCE_0090	3.6	585
BCE_0091	3.6	457
BCE_0092	4.9	281
BCE_0093	2.6	50
BCE_0094	1.6	979
BCE_0095	2.0	586
BCE_0096	1.8	873
BCE_0097	NA	15114
BCE_0098	4.0	5263
BCE_0099	3.3	11268
BCE_0100	5.2	7485
BCE_0101	3.9	587
BCE_0102	4.3	3922
BCE_0103	5.4	3033
BCE_0104	3.3	8489
BCE_0105	8.0	13077
BCE_0106	8.8	12971
BCE_0107	6.9	11412
BCE_0108	9.8	14045
BCE_0109	3.5	24561
BCE_0110	NA*	30095
BCE_0111	4.1	28859
BCE_0112	4.8	36536
BCE_0113	5.5	38512
BCE_0114	5.8	35467
BCE_0115	9.0	22017
BCE_0116	9.9	19185
BCE_0117	9.6	22638
BCE_0118	11.7	27969
BCE_0119	NA	24799
BCE_0120	10.2	28205
BCE_0121	9.5	28645
BCE_0122	8.6	29179
BCE_0123	NA	20917
BCE_0124	7.9	22486
BCE_0125	7.9	25973
BCE_0126	12.9	29571
BCE_0127	12.9	33884
BCE_0128	12.8	29616
BCE_0129	NA	22631
BCE_0130	9.8	19705
BCE_0131	13.4	11449
BCE_0132	NA	19335
BCE_0133	NA	17039
BCE_0134	NA	27303
BCE_0135	NA	17195
BCE_0136	NA	14283
BCE_0137	NA	16044
BCE_0138	11.3	17044
BCE_0139	4.0	476
BCE_0140	3.8	384
BCE_0141	3.7	385
BCE_0142	4.0	363
BCE_0143	5.5	8940
BCE_0144	4.2	3063
BCE_0145	NA	8
BCE_0146	NA	NA
BCE_0147	1.8	282
BCE_0148	1.2	15
BCE_0149	1.9	22
BCE_0150	1.8	10
BCE_0151	NA	NA
BCE_0152	NA	104
BCE_0153	NA	10
BCE_0154	NA	7
BCE_0155	1.4	192
BCE_0156	1.6	303
BCE_0157	1.9	377
BCE_0158	NA	587
BCE_0159	1.9	19
BCE_0160	1.8	21
BCE_0161	2.1	28
BCE_0162	NA	3356
BCE_0163	2.4	228
BCE_0164	8.8	1811
BCE_0165	NA	2156
BCE_0166	NA	2184
BCE_0167	1.2	233
BCE_0168	1.5	276
BCE_0169	1.8	193
BCE_0170	1.8	368
BCE_0171	1.6	660
BCE_0172	NA	NA
BCE_0173	NA	6
BCE_0174	2.1	8
BCE_0175	1.3	5
BCE_0176	NA	NA
BCE_0177	2.2	7
BCE_0178	1.9	12
BCE_0179	NA	41
BCE_0180	1.7	45
BCE_0181	1.2	50
BCE_0182	NA	NA
BCE_0183	NA	NA
BCE_0184	NA	NA
BCE_0185	NA	NA
BCE_0186	NA	NA
BCE_0187	2.0	322
BCE_0188	2.4	226
BCE_0189	2.4	222
BCE_0190	3.1	77
BCE_0191	1.8	6
BCE_0192	2.5	133
BCE_0193	NA	11
BCE_0194	2.2	30
BCE_0195	NA	NA
BCE_0196	NA	NA
BCE_0197	NA	NA
BCE_0198	NA	NA
BCE_0199	NA	18
BCE_0200	1.9	32
BCE_0201	3.8	52
BCE_0202	3.6	53
BCE_0203	1.2	64
BCE_0204	NA	147
BCE_0205	NA	NA
BCE_0206	NA	NA
BCE_0207	NA	NA
BCE_0208	NA	NA
BCE_0209	NA	NA
BCE_0210	NA	NA
BCE_0211	NA	NA
BCE_0212	2.3	132
BCE_0213	4.2	5
BCE_0214	NA	NA
BCE_0215	NA	29
BCE_0216	4.1	94
BCE_0217	3.6	96
BCE_0218	NA	NA
BCE_0219	1.7	6
BCE_0220	1.9	43
BCE_0221	2.3	18
BCE_0222	2.5	17
BCE_0223	1.4	27
BCE_0224	NA	NA
BCE_0225	NA	NA
BCE_0226	1.5	24
BCE_0227	NA	NA
BCE_0228	2.0	NA
BCE_0229	NA	NA
BCE_0230	NA	6
BCE_0231	NA	NA
BCE_0232	1.7	12
BCE_0233	NA	NA
BCE_0234	NA	55
BCE_0235	NA	NA
BCE_0236	NA	NA
BCE_0237	NA	NA
BCE_0238	1.7	9
BCE_0239	1.3	42
BCE_0240	1.4	43
BCE_0241	1.7	11
BCE_0242	NA	NA
BCE_0243	NA	NA
BCE_0244	NA	NA
BCE_0245	NA	NA
BCE_0246	NA	NA
BCE_0247	4.5	9
BCE_0248	2.4	24
BCE_0249	2.3	18
BCE_0250	2.6	19
BCE_0251	3.5	33
BCE_0252	3.7	24
BCE_0253	3.8	144
BCE_0254	NA	NA
BCE_0255	NA	NA
BCE_0256	NA	NA
BCE_0257	NA	NA
BCE_0258	NA	17
BCE_0259	NA	11
BCE_0260	NA	NA
BCE_0261	NA	NA
BCE_0262	1.8	11
BCE_0263	NA	NA
BCE_0264	3.2	9
BCE_0265	1.9	217
BCE_0266	2.0	152
BCE_0267	1.6	1884
BCE_0268	1.1	7
BCE_0269	1.1	7
BCE_0270	2.3	18
BCE_0271	3.0	23
BCE_0272	2.7	14
BCE_0273	6.7	833
BCE_0274	4.9	446
BCE_0275	3.2	95
BCE_0276	NA	NA
BCE_0277	NA	NA
BCE_0278	NA	NA
BCE_0279	NA	42
BCE_0280	2.2	109
BCE_0281	2.5	88
BCE_0282	2.7	207
BCE_0283	NA	8
BCE_0284	2.2	71
BCE_0285	2.2	145
BCE_0286	NA	70
BCE_0287	2.3	55
BCE_0288	NA	942
BCE_0289	12.1	990
BCE_0290	NA	559
BCE_0291	3.9	257
BCE_0292	3.3	25
BCE_0293	NA	NA
BCE_0294	NA	15
BCE_0295	1.8	11
BCE_0296	NA	228
BCE_0297	NA	100
BCE_0298	NA	NA
BCE_0299	NA	NA
BCE_0300	NA	8
BCE_0301	NA	NA
BCE_0302	NA	NA
BCE_0303	NA	NA
BCE_0304	NA	NA
BCE_0305	NA	NA
BCE_0306	NA	NA
BCE_0307	NA	194
BCE_0308	1.9	11
BCE_0309	0.9	19
BCE_0310	NA	NA
BCE_0311	NA	17
BCE_0312	NA	NA
BCE_0313	2.4	8
BCE_0314	1.2	17
BCE_0315	NA	NA
BCE_0316	NA	59
BCE_0317	2.7	41
BCE_0318	NA	90
BCE_0319	6.9	172
BCE_0320	NA	NA
BCE_0321	2.7	9
BCE_0322	2.9	11
BCE_0323	2.7	10
BCE_0324	3.0	11
BCE_0325	NA	NA
BCE_0326	3.1	7
BCE_0327	3.1	17
BCE_0328	3.5	18
BCE_0329	5.1	170
BCE_0330	5.3	81
BCE_0331	2.2	11
BCE_0332	NA	7
BCE_0333	1.6	137
BCE_0334	1.5	142
BCE_0335	1.8	207
BCE_0336	1.9	152
BCE_0337	3.2	75
BCE_0338	7.6	142
BCE_0339	3.4	27
BCE_0340	NA	NA
BCE_0341	NA	NA
BCE_0342	NA	NA
BCE_0343	NA	NA
BCE_0344	NA	NA
BCE_0345	NA	NA
BCE_0346	3.2	6
BCE_0347	3.4	72
BCE_0348	NA	15
BCE_0349	3.5	770
BCE_0350	4.2	670
BCE_0351	4.3	472
BCE_0352	1.6	123
BCE_0353	4.1	14
BCE_0354	NA	NA
BCE_0355	NA	NA
BCE_0356	4.0	8
BCE_0357	2.7	20
BCE_0358	NA	6
BCE_0359	5.4	26
BCE_0360	1.9	77
BCE_0361	NA	NA
BCE_0362	1.7	56
BCE_0363	1.4	117
BCE_0364	2.8	997
BCE_0365	2.8	787
BCE_0366	5.0	100
BCE_0367	3.4	128
BCE_0368	3.0	123
BCE_0369	2.7	91
BCE_0370	1.5	83
BCE_0371	1.7	44
BCE_0372	NA	NA
BCE_0373	NA	NA
BCE_0374	NA	NA
BCE_0375	NA	NA
BCE_0376	NA	NA
BCE_0377	NA	NA
BCE_0378	2.5	68
BCE_0379	NA	77
BCE_0380	2.2	116
BCE_0381	1.8	104
BCE_0382	NA	NA
BCE_0383	NA	NA
BCE_0384	NA	NA
BCE_0385	NA	NA
BCE_0386	NA	NA
BCE_0387	NA	NA
BCE_0388	NA	NA
BCE_0389	NA	NA
BCE_0390	NA	NA
BCE_0391	NA	NA
BCE_0392	NA	NA
BCE_0393	NA	NA
BCE_0394	NA	NA
BCE_0395	NA	NA
BCE_0396	NA	NA
BCE_0397	NA	NA
BCE_0398	NA	NA
BCE_0399	NA	NA
BCE_0400	NA	NA
BCE_0401	NA	NA
BCE_0402	NA	NA
BCE_0403	NA	NA
BCE_0404	NA	NA
BCE_0405	NA	NA
BCE_0406	NA	NA
BCE_0407	NA	NA
BCE_0408	NA	NA
BCE_0409	NA	NA
BCE_0410	NA	NA
BCE_0411	NA	NA
BCE_0412	NA	NA
BCE_0413	NA	NA
BCE_0414	NA	NA
BCE_0415	NA	NA
BCE_0416	NA	NA
BCE_0417	NA	NA
BCE_0418	2.7	NA
BCE_0419	NA	NA
BCE_0420	5.6	28
BCE_0421	3.8	19
BCE_0422	4.8	68
BCE_0423	3.7	83
BCE_0424	4.6	110
BCE_0425	3.1	112
BCE_0426	4.0	106
BCE_0427	3.6	62
BCE_0428	NA	18
BCE_0429	NA	52
BCE_0430	1.3	69
BCE_0431	NA	7
BCE_0432	2.9	13
BCE_0433	1.9	7
BCE_0434	1.4	8
BCE_0435	1.2	6
BCE_0436	2.9	14
BCE_0437	2.0	11
BCE_0438	2.0	17
BCE_0439	9.3	1167
BCE_0440	7.7	1475
BCE_0441	NA	98
BCE_0442	2.5	46
BCE_0443	1.5	142
BCE_0444	2.6	75
BCE_0445	NA	103
BCE_0446	3.0	76
BCE_0447	2.8	86
BCE_0448	3.3	92
BCE_0449	1.7	81
BCE_0450	1.5	41
BCE_0451	1.4	168
BCE_0452	2.1	57
BCE_0453	NA	15
BCE_0454	NA	67
BCE_0455	NA	19
BCE_0456	NA	NA
BCE_0457	3.1	6
BCE_0458	2.7	6
BCE_0459	NA	NA
BCE_0460	NA	56
BCE_0461	NA	NA
BCE_0462	NA	NA
BCE_0463	NA	19
BCE_0464	NA	NA
BCE_0465	NA	NA
BCE_0466	2.3	268
BCE_0467	NA	NA
BCE_0468	NA	NA
BCE_0469	NA	NA
BCE_0470	1.7	95
BCE_0471	NA	NA
BCE_0472	NA	NA
BCE_0473	NA	NA
BCE_0474	NA	NA
BCE_0475	NA	NA
BCE_0476	NA	NA
BCE_0477	1.1	47
BCE_0478	NA	7
BCE_0479	NA	NA
BCE_0480	NA	NA
BCE_0481	NA	NA
BCE_0482	1.9	13
BCE_0483	1.8	11
BCE_0484	1.6	74
BCE_0485	1.4	60
BCE_0486	1.3	6
BCE_0487	NA	13
BCE_0488	1.9	49
BCE_0489	NA	20
BCE_0490	3.7	102
BCE_0491	3.1	86
BCE_0492	2.3	73
BCE_0493	2.1	69
BCE_0494	NA	10
BCE_0495	NA	NA
BCE_0496	1.3	2044
BCE_0497	NA	NA
BCE_0498	NA	NA
BCE_0499	NA	7
BCE_0500	NA	24
BCE_0501	NA	38
BCE_0502	NA	NA
BCE_0503	2.0	64
BCE_0504	NA	NA
BCE_0505	NA	16
BCE_0506	0.8	26
BCE_0507	NA	11
BCE_0508	NA	NA
BCE_0509	NA	NA
BCE_0510	3.7	11
BCE_0511	NA	NA
BCE_0512	2.3	5
BCE_0513	2.5	250
BCE_0514	2.9	177
BCE_0515	2.9	309
BCE_0516	2.4	91
BCE_0517	2.9	53
BCE_0518	NA*	100
BCE_0519	NA	NA
BCE_0520	4.1	92
BCE_0521	4.2	119
BCE_0522	3.1	94
BCE_0523	3.8	76
BCE_0524	3.4	8
BCE_0525	0.9	9
BCE_0526	1.2	9
BCE_0527	2.3	621
BCE_0528	NA	NA
BCE_0529	1.3	53
BCE_0530	1.6	31
BCE_0531	4.0	27
BCE_0532	NA	NA
BCE_0533	NA	NA
BCE_0534	NA	NA
BCE_0535	NA	NA
BCE_0536	NA	NA
BCE_0537	1.4	120
BCE_0538	NA	95
BCE_0539	7.7	213
BCE_0540	NA	8
BCE_0541	1.7	60
BCE_0542	1.9	127
BCE_0543	2.3	58
BCE_0544	2.2	130
BCE_0545	NA	NA
BCE_0546	NA	NA
BCE_0547	NA	NA
BCE_0548	NA	NA
BCE_0549	NA	NA
BCE_0550	NA	NA
BCE_0551	NA	NA
BCE_0552	2.4	19
BCE_0553	3.3	75
BCE_0554	2.5	40
BCE_0555	NA	36
BCE_0556	2.4	27
BCE_0557	NA	NA
BCE_0558	NA	NA
BCE_0559	NA	NA
BCE_0560	NA	NA
BCE_0561	NA	NA
BCE_0562	NA	NA
BCE_0563	6.3	26
BCE_0564	NA	31
BCE_0565	0.8	138
BCE_0566	NA	7
BCE_0567	NA	80
BCE_0568	NA	10
BCE_0569	1.9	6
BCE_0570	2.0	22
BCE_0571	2.1	74
BCE_0572	2.3	129
BCE_0573	4.0	96
BCE_0574	3.5	156
BCE_0575	2.7	205
BCE_0576	3.3	37
BCE_0577	2.1	22
BCE_0578	2.4	11
BCE_0579	4.7	14
BCE_0580	NA	NA
BCE_0581	NA	NA
BCE_0582	3.0	131
BCE_0583	1.9	14
BCE_0584	NA	30
BCE_0585	NA	NA
BCE_0586	6.4	181
BCE_0587	2.8	22
BCE_0588	1.9	22
BCE_0589	2.2	33
BCE_0590	3.1	38
BCE_0591	4.7	121
BCE_0592	2.0	388
BCE_0593	2.5	8
BCE_0594	NA	300
BCE_0595	4.0	423
BCE_0596	3.0	37
BCE_0597	1.8	13
BCE_0598	1.3	134
BCE_0599	NA	21
BCE_0600	1.3	32
BCE_0601	NA	29
BCE_0602	4.4	390
BCE_0603	2.0	19
BCE_0604	NA	17
BCE_0605	NA	NA
BCE_0606	NA	NA
BCE_0607	1.6	38
BCE_0608	NA	NA
BCE_0609	NA	NA
BCE_0610	3.4	6
BCE_0611	1.7	6
BCE_0612	NA	NA
BCE_0613	NA	NA
BCE_0614	NA	NA
BCE_0615	NA	NA
BCE_0616	4.6	789
BCE_0617	6.9	125
BCE_0618	7.9	139
BCE_0619	3.0	136
BCE_0620	NA	NA
BCE_0621	NA	NA
BCE_0622	NA	NA
BCE_0623	1.6	57
BCE_0624	1.7	184
BCE_0625	1.7	88
BCE_0626	1.6	53
BCE_0627	NA	NA
BCE_0628	NA	NA
BCE_0629	NA	NA
BCE_0630	NA	NA
BCE_0631	NA	NA
BCE_0632	NA	NA
BCE_0633	NA	NA
BCE_0634	NA	NA
BCE_0635	NA	8
BCE_0636	NA	NA
BCE_0637	NA	NA
BCE_0638	11.9	87
BCE_0639	NA	30
BCE_0640	NA	32
BCE_0641	2.3	60
BCE_0642	2.7	39
BCE_0643	NA	NA
BCE_0644	NA	NA
BCE_0645	NA	NA
BCE_0646	1.4	17
BCE_0647	5.7	272
BCE_0648	NA	35
BCE_0649	2.1	33
BCE_0650	0.8	19
BCE_0651	NA	NA
BCE_0652	NA	NA
BCE_0653	1.1	21
BCE_0654	1.8	13
BCE_0655	3.5	140
BCE_0656	3.1	71
BCE_0657	1.1	29
BCE_0658	1.1	54
BCE_0659	3.7	2615
BCE_0660	3.0	941
BCE_0661	NA	7
BCE_0662	1.5	95
BCE_0663	2.1	95
BCE_0664	4.3	13
BCE_0665	3.7	38
BCE_0666	NA	47
BCE_0667	NA	NA
BCE_0668	2.1	16
BCE_0669	NA	NA
BCE_0670	4.2	111
BCE_0671	3.9	226
BCE_0672	NA	7
BCE_0673	NA	70
BCE_0674	NA	8
BCE_0675	2.8	22
BCE_0676	2.9	28
BCE_0677	2.7	328
BCE_0678	1.7	12
BCE_0679	NA	35
BCE_0680	0.9	23
BCE_0681	NA	NA
BCE_0682	1.6	190
BCE_0683	3.1	289
BCE_0684	1.4	93
BCE_0685	2.0	115
BCE_0686	1.8	226
BCE_0687	1.8	25
BCE_0688	4.3	734
BCE_0689	5.8	589
BCE_0690	NA	43
BCE_0691	5.5	63
BCE_0692	1.9	108
BCE_0693	1.3	83
BCE_0694	NA	NA
BCE_0695	NA	NA
BCE_0696	NA	26
BCE_0697	NA	14
BCE_0698	NA	20
BCE_0699	NA	NA
BCE_0700	15.0	9
BCE_0701	NA	NA
BCE_0702	NA	NA
BCE_0703	NA	NA
BCE_0704	NA	NA
BCE_0705	NA	NA
BCE_0706	NA	NA
BCE_0707	NA	NA
BCE_0708	NA	NA
BCE_0709	NA	NA
BCE_0710	NA	NA
BCE_0711	NA	NA
BCE_0712	1.8	26
BCE_0713	2.7	6
BCE_0714	1.8	14
BCE_0715	1.8	15
BCE_0716	2.0	12
BCE_0717	NA	38
BCE_0718	NA	NA
BCE_0719	NA	5
BCE_0720	2.6	9
BCE_0721	NA	24
BCE_0722	1.8	25
BCE_0723	NA	NA
BCE_0724	NA	NA
BCE_0725	NA	NA
BCE_0726	NA	NA
BCE_0727	NA	NA
BCE_0728	NA	NA
BCE_0729	4.5	218
BCE_0730	NA	82
BCE_0731	2.1	42
BCE_0732	1.1	137
BCE_0733	1.5	182
BCE_0734	1.9	159
BCE_0735	1.7	167
BCE_0736	10.0	785
BCE_0737	7.8	1137
BCE_0738	4.6	1672
BCE_0739	2.7	46
BCE_0740	5.4	21
BCE_0741	1.0	42
BCE_0742	NA	43
BCE_0743	1.1	11
BCE_0744	3.2	1162
BCE_0745	3.4	335
BCE_0746	3.2	12
BCE_0747	3.4	20
BCE_0748	NA	7
BCE_0749	2.0	134
BCE_0750	1.7	41
BCE_0751	NA	NA
BCE_0752	1.3	142
BCE_0753	1.1	19
BCE_0754	NA	23
BCE_0755	2.2	89
BCE_0756	2.3	123
BCE_0757	1.6	28
BCE_0758	NA	9
BCE_0759	NA	11
BCE_0760	NA	NA
BCE_0761	2.8	29
BCE_0762	NA	NA
BCE_0763	0.8	60
BCE_0764	NA	35
BCE_0765	NA	27
BCE_0766	1.2	14
BCE_0767	NA	15
BCE_0768	1.9	45
BCE_0769	5.6	931
BCE_0770	7.2	2636
BCE_0771	8.7	1246
BCE_0772	7.5	1022
BCE_0773	NA	NA
BCE_0774	0.8	22
BCE_0775	NA	NA
BCE_0776	NA	NA
BCE_0777	NA	NA
BCE_0778	NA	NA
BCE_0779	NA	NA
BCE_0780	NA	NA
BCE_0781	NA	8
BCE_0782	1.6	25
BCE_0783	2.1	35
BCE_0784	NA	NA
BCE_0785	NA	NA
BCE_0786	NA	NA
BCE_0787	NA	NA
BCE_0788	NA	NA
BCE_0789	NA	7
BCE_0790	NA	347
BCE_0791	NA	7
BCE_0792	1.2	89
BCE_0793	NA	84
BCE_0794	3.0	146
BCE_0795	NA	NA
BCE_0796	NA	NA
BCE_0797	NA	NA
BCE_0798	NA	NA
BCE_0799	NA	NA
BCE_0800	NA	NA
BCE_0801	NA	NA
BCE_0802	NA	NA
BCE_0803	NA	NA
BCE_0804	NA	NA
BCE_0805	NA	NA
BCE_0806	NA	NA
BCE_0807	NA	NA
BCE_0808	NA	NA
BCE_0809	NA	NA
BCE_0810	NA	NA
BCE_0811	NA	NA
BCE_0812	NA	NA
BCE_0813	NA	NA
BCE_0814	NA	5
BCE_0815	2.5	21
BCE_0816	NA	7
BCE_0817	1.3	78
BCE_0818	NA	NA
BCE_0819	NA	NA
BCE_0820	NA	NA
BCE_0821	1.9	60
BCE_0822	2.6	24
BCE_0823	1.6	21
BCE_0824	NA	NA
BCE_0825	4.5	14
BCE_0826	NA	NA
BCE_0827	NA	NA
BCE_0828	NA	NA
BCE_0829	NA	NA
BCE_0830	NA	NA
BCE_0831	1.1	451
BCE_0832	NA	NA
BCE_0833	NA	32
BCE_0834	2.5	80
BCE_0835	2.7	46
BCE_0836	1.8	24
BCE_0837	4.9	12
BCE_0838	2.0	6
BCE_0839	4.4	20
BCE_0840	2.9	54
BCE_0841	1.8	112
BCE_0842	2.6	89
BCE_0843	NA	NA
BCE_0844	NA	NA
BCE_0845	NA	NA
BCE_0846	NA	NA
BCE_0847	NA	NA
BCE_0848	NA	NA
BCE_0849	NA	NA
BCE_0850	NA	NA
BCE_0851	NA	NA
BCE_0852	NA	NA
BCE_0853	NA	NA
BCE_0854	2.6	15
BCE_0855	2.8	27
BCE_0856	1.9	11
BCE_0857	2.0	25
BCE_0858	2.9	51
BCE_0859	NA	NA
BCE_0860	4.0	36
BCE_0861	NA	45
BCE_0862	NA	7
BCE_0863	NA	NA
BCE_0864	2.7	6
BCE_0865	3.0	129
BCE_0866	NA	NA
BCE_0867	NA	NA
BCE_0868	NA	NA
BCE_0869	NA	NA
BCE_0870	NA	NA
BCE_0871	NA	5
BCE_0872	2.8	18
BCE_0873	2.3	97
BCE_0874	2.1	59
BCE_0875	1.5	102
BCE_0876	NA	32
BCE_0877	5.7	33
BCE_0878	0.8	16
BCE_0879	NA	NA
BCE_0880	NA	NA
BCE_0881	NA	NA
BCE_0882	NA	NA
BCE_0883	NA	NA
BCE_0884	NA	NA
BCE_0885	NA	NA
BCE_0886	NA	NA
BCE_0887	1.5	362
BCE_0888	NA	12
BCE_0889	1.3	19
BCE_0890	1.9	11
BCE_0891	NA	11
BCE_0892	NA	NA
BCE_0893	NA	NA
BCE_0894	1.3	46
BCE_0895	NA	NA
BCE_0896	NA	NA
BCE_0897	NA	NA
BCE_0898	NA	NA
BCE_0899	NA	NA
BCE_0900	NA	NA
BCE_0901	NA	10
BCE_0902	NA	7
BCE_0903	NA	NA
BCE_0904	4.2	11
BCE_0905	1.1	8
BCE_0906	NA	NA
BCE_0907	2.0	49
BCE_0908	2.3	24
BCE_0909	NA	NA
BCE_0910	NA	NA
BCE_0911	2.5	17
BCE_0912	2.8	26
BCE_0913	1.4	9
BCE_0914	1.9	9
BCE_0915	NA	NA
BCE_0916	NA	NA
BCE_0917	NA	NA
BCE_0918	NA	NA
BCE_0919	NA	NA
BCE_0920	NA	NA
BCE_0921	NA	NA
BCE_0922	4.1	14
BCE_0923	1.1	10
BCE_0924	NA	NA
BCE_0925	NA	NA
BCE_0926	NA	NA
BCE_0927	NA	58
BCE_0928	1.0	17
BCE_0929	1.2	17
BCE_0930	NA	NA
BCE_0931	NA	NA
BCE_0932	NA	6
BCE_0933	NA	NA
BCE_0934	NA	NA
BCE_0935	NA	14
BCE_0936	NA	11
BCE_0937	1.9	44
BCE_0938	NA	1229
BCE_0939	4.8	17
BCE_0940	3.9	89
BCE_0941	NA	15
BCE_0942	NA	NA
BCE_0943	2.9	6
BCE_0944	3.1	7
BCE_0945	1.4	364
BCE_0946	1.4	285
BCE_0947	1.1	343
BCE_0948	NA	NA
BCE_0949	NA	NA
BCE_0950	NA	NA
BCE_0951	NA	NA
BCE_0952	2.1	15
BCE_0953	NA	1039
BCE_0954	NA	NA
BCE_0955	NA	NA
BCE_0956	6.0	26
BCE_0957	NA	16
BCE_0958	NA	NA
BCE_0959	2.1	7
BCE_0960	2.1	11
BCE_0961	5.3	50
BCE_0962	2.5	14
BCE_0963	NA	24
BCE_0964	1.7	99
BCE_0965	NA	NA
BCE_0966	1.6	12
BCE_0967	1.0	114
BCE_0968	2.7	25
BCE_0969	NA	NA
BCE_0970	NA	NA
BCE_0971	NA	26
BCE_0972	0.7	55
BCE_0973	NA	60
BCE_0974	0.9	104
BCE_0975	1.2	42
BCE_0976	0.8	22
BCE_0977	0.9	28
BCE_0978	0.8	44
BCE_0979	NA	NA
BCE_0980	2.8	41
BCE_0981	2.2	94
BCE_0982	NA	22
BCE_0983	2.8	25
BCE_0984	1.6	250
BCE_0985	1.5	45
BCE_0986	NA	NA
BCE_0987	NA	5
BCE_0988	NA	7
BCE_0989	2.1	39
BCE_0990	3.3	13
BCE_0991	NA	NA
BCE_0992	NA	NA
BCE_0993	NA	18
BCE_0994	NA	9
BCE_0995	NA	NA
BCE_0996	NA	26
BCE_0997	3.3	31
BCE_0998	2.8	27
BCE_0999	2.1	5
BCE_1000	4.2	84
BCE_1001	4.0	31
BCE_1002	3.4	63
BCE_1003	5.2	52
BCE_1004	5.0	53
BCE_1005	NA	NA
BCE_1006	NA	NA
BCE_1007	NA	5
BCE_1008	NA	NA
BCE_1009	NA	NA
BCE_1010	NA	NA
BCE_1011	NA	NA
BCE_1012	NA	NA
BCE_1013	3.0	23
BCE_1014	NA	18
BCE_1015	NA	NA
BCE_1016	1.5	10
BCE_1017	NA	21
BCE_1018	1.7	74
BCE_1019	2.4	119
BCE_1020	2.8	152
BCE_1021	2.6	143
BCE_1022	2.4	58
BCE_1023	NA	323
BCE_1024	NA	NA
BCE_1025	NA	NA
BCE_1026	NA	NA
BCE_1027	NA	NA
BCE_1028	NA	NA
BCE_1029	2.1	24
BCE_1030	NA	5
BCE_1031	NA	NA
BCE_1032	NA	NA
BCE_1033	NA	NA
BCE_1034	NA	NA
BCE_1035	NA	8
BCE_1036	2.7	30
BCE_1037	3.3	30
BCE_1038	NA	NA
BCE_1039	NA	NA
BCE_1040	NA	NA
BCE_1041	NA	NA
BCE_1042	NA	NA
BCE_1043	NA	53
BCE_1044	2.4	18
BCE_1045	NA	10
BCE_1046	NA	NA
BCE_1047	NA	12
BCE_1048	NA	NA
BCE_1049	NA	NA
BCE_1050	NA	8
BCE_1051	NA	NA
BCE_1052	1.1	12
BCE_1053	NA	6
BCE_1054	3.8	14
BCE_1055	NA	NA
BCE_1056	NA	NA
BCE_1057	NA	NA
BCE_1058	NA	NA
BCE_1059	NA	9
BCE_1060	1.3	5
BCE_1061	NA	NA
BCE_1062	NA	NA
BCE_1063	NA	56
BCE_1064	NA	NA
BCE_1065	NA	NA
BCE_1066	2.5	93
BCE_1067	4.3	8
BCE_1068	3.6	10
BCE_1069	3.3	14
BCE_1070	NA	8
BCE_1071	1.4	57
BCE_1072	1.3	477
BCE_1073	NA	NA
BCE_1074	NA	NA
BCE_1075	1.6	166
BCE_1076	1.1	18
BCE_1077	1.3	57
BCE_1078	NA	NA
BCE_1079	NA	NA
BCE_1080	NA	NA
BCE_1081	NA	NA
BCE_1082	NA	NA
BCE_1083	NA	NA
BCE_1084	NA	NA
BCE_1085	NA	11
BCE_1086	5.7	13
BCE_1087	2.1	22
BCE_1088	1.6	12
BCE_1089	0.8	24
BCE_1090	0.8	14
BCE_1091	NA	NA
BCE_1092	NA	NA
BCE_1093	NA	NA
BCE_1094	NA	NA
BCE_1095	2.5	86
BCE_1096	NA	6
BCE_1097	2.0	34
BCE_1098	NA	NA
BCE_1099	2.0	25
BCE_1100	NA	54
BCE_1101	4.2	40
BCE_1102	2.1	20
BCE_1103	NA	7
BCE_1104	NA	NA
BCE_1105	1.6	11
BCE_1106	1.5	80
BCE_1107	1.4	52
BCE_1108	4.3	25
BCE_1109	0.7	24
BCE_1110	1.9	23
BCE_1111	2.2	86
BCE_1112	1.4	18
BCE_1113	NA	NA
BCE_1114	NA	NA
BCE_1115	NA	NA
BCE_1116	NA	NA
BCE_1117	1.6	54
BCE_1118	NA	NA
BCE_1119	NA	8
BCE_1120	NA	NA
BCE_1121	NA	NA
BCE_1122	NA	NA
BCE_1123	2.8	84
BCE_1124	2.5	798
BCE_1125	2.7	1074
BCE_1126	2.3	373
BCE_1127	NA	NA
BCE_1128	NA	NA
BCE_1129	NA	13
BCE_1130	NA	NA
BCE_1131	NA	NA
BCE_1132	NA	12
BCE_1133	1.0	9
BCE_1134	NA	NA
BCE_1135	5.1	20
BCE_1136	NA	13
BCE_1137	1.7	114
BCE_1138	2.4	21
BCE_1139	2.3	26
BCE_1140	2.1	21
BCE_1141	NA	12
BCE_1142	3.2	380
BCE_1143	3.9	221
BCE_1144	3.6	75
BCE_1145	2.8	398
BCE_1146	NA	NA
BCE_1147	2.0	1158
BCE_1148	NA	12
BCE_1149	3.9	85
BCE_1150	4.7	134
BCE_1151	NA	64
BCE_1152	1.0	48
BCE_1153	1.5	45
BCE_1154	1.7	54
BCE_1155	NA	NA
BCE_1156	NA	21
BCE_1157	NA	9
BCE_1158	1.9	33
BCE_1159	1.5	23
BCE_1160	NA	6
BCE_1161	NA	NA
BCE_1162	NA	NA
BCE_1163	2.2	11
BCE_1164	1.4	18
BCE_1165	NA	43
BCE_1166	NA	NA
BCE_1167	1.5	204
BCE_1168	1.6	259
BCE_1169	2.1	176
BCE_1170	2.2	11
BCE_1171	NA	11
BCE_1172	NA	NA
BCE_1173	NA	NA
BCE_1174	NA	NA
BCE_1175	NA	NA
BCE_1176	1.6	11
BCE_1177	1.8	77
BCE_1178	NA	NA
BCE_1179	NA	NA
BCE_1180	NA	NA
BCE_1181	NA	NA
BCE_1182	NA	NA
BCE_1183	NA	NA
BCE_1184	NA	NA
BCE_1185	NA	NA
BCE_1186	3.2	172
BCE_1187	NA	6
BCE_1188	2.0	97
BCE_1189	2.3	138
BCE_1190	NA	9
BCE_1191	NA	NA
BCE_1192	NA	NA
BCE_1193	NA	NA
BCE_1194	NA	NA
BCE_1195	NA	NA
BCE_1196	NA	NA
BCE_1197	NA	NA
BCE_1198	NA	NA
BCE_1199	NA	NA
BCE_1200	NA	18
BCE_1201	5.0	317
BCE_1202	3.2	216
BCE_1203	3.9	194
BCE_1204	4.7	46
BCE_1205	2.3	41
BCE_1206	3.8	9
BCE_1207	NA	NA
BCE_1208	NA	NA
BCE_1209	1.4	346
BCE_1210	1.4	11
BCE_1211	NA	NA
BCE_1212	3.1	21
BCE_1213	5.5	15
BCE_1214	2.7	5
BCE_1215	NA	NA
BCE_1216	3.0	17
BCE_1217	NA	10
BCE_1218	NA	7
BCE_1219	NA	12
BCE_1220	1.4	12
BCE_1221	0.8	38
BCE_1222	NA	10
BCE_1223	NA	NA
BCE_1224	NA	NA
BCE_1225	NA	19
BCE_1226	NA	6
BCE_1227	2.9	751
BCE_1228	NA	NA
BCE_1229	NA	NA
BCE_1230	NA	12
BCE_1231	NA	8
BCE_1232	1.3	938
BCE_1233	NA	NA
BCE_1234	NA	NA
BCE_1235	NA	27
BCE_1236	NA	NA
BCE_1237	NA	6
BCE_1238	NA	19
BCE_1239	4.3	41
BCE_1240	3.2	7
BCE_1241	NA	15
BCE_1242	1.6	15
BCE_1243	1.8	18
BCE_1244	3.0	45
BCE_1245	3.4	49
BCE_1246	2.4	71
BCE_1247	NA	10
BCE_1248	NA	NA
BCE_1249	NA	11
BCE_1250	NA	NA
BCE_1251	NA	NA
BCE_1252	NA	NA
BCE_1253	NA	NA
BCE_1254	NA	NA
BCE_1255	NA	NA
BCE_1256	5.7	74
BCE_1257	6.6	139
BCE_1258	NA	NA
BCE_1259	NA	NA
BCE_1260	NA	10
BCE_1261	3.3	25
BCE_1262	1.8	11
BCE_1263	NA	NA
BCE_1264	NA	NA
BCE_1265	NA	NA
BCE_1266	NA	NA
BCE_1267	NA	NA
BCE_1268	NA	10
BCE_1269	NA	NA
BCE_1270	NA	NA
BCE_1271	NA	NA
BCE_1272	NA	6
BCE_1273	6.1	366
BCE_1274	1.3	118
BCE_1275	NA	NA
BCE_1276	1.8	19
BCE_1277	NA	13
BCE_1278	1.4	NA
BCE_1279	2.4	6
BCE_1280	1.0	7
BCE_1281	NA	NA
BCE_1282	NA	NA
BCE_1283	2.8	60
BCE_1284	2.6	103
BCE_1285	2.6	65
BCE_1286	2.0	14
BCE_1287	2.3	34
BCE_1288	NA	1822
BCE_1289	NA	NA
BCE_1290	NA	NA
BCE_1291	NA	NA
BCE_1292	4.6	128
BCE_1293	2.6	926
BCE_1294	3.4	382
BCE_1295	NA	NA
BCE_1296	NA	NA
BCE_1297	4.0	121
BCE_1298	2.0	13
BCE_1299	NA	49
BCE_1300	1.8	23
BCE_1301	NA	7
BCE_1302	2.8	13
BCE_1303	3.3	26
BCE_1304	4.5	21
BCE_1305	2.0	49
BCE_1306	2.3	18
BCE_1307	3.5	8
BCE_1308	3.9	7
BCE_1309	1.8	252
BCE_1310	1.4	NA
BCE_1311	1.8	129
BCE_1312	1.2	16
BCE_1313	NA	9
BCE_1314	NA	81
BCE_1315	NA	6
BCE_1316	NA	79
BCE_1317	0.9	53
BCE_1318	2.4	136
BCE_1319	3.2	190
BCE_1320	3.3	273
BCE_1321	4.1	266
BCE_1322	3.3	318
BCE_1323	5.5	7
BCE_1324	2.6	16
BCE_1325	NA	NA
BCE_1326	NA	NA
BCE_1327	NA	NA
BCE_1328	NA	NA
BCE_1329	NA	NA
BCE_1330	NA	NA
BCE_1331	NA	NA
BCE_1332	NA	NA
BCE_1333	NA	NA
BCE_1334	NA	NA
BCE_1335	NA	NA
BCE_1336	NA	6
BCE_1337	2.9	7
BCE_1338	2.7	6
BCE_1339	NA	951
BCE_1340	NA	NA
BCE_1341	NA	NA
BCE_1342	NA	NA
BCE_1343	NA	NA
BCE_1344	NA	NA
BCE_1345	NA	NA
BCE_1346	2.4	56
BCE_1347	7.3	98
BCE_1348	4.8	259
BCE_1349	2.7	155
BCE_1350	2.0	38
BCE_1351	2.3	10
BCE_1352	NA	NA
BCE_1353	NA	36
BCE_1354	NA	261
BCE_1355	NA	134
BCE_1356	NA	NA
BCE_1357	NA	NA
BCE_1358	NA	NA
BCE_1359	NA	NA
BCE_1360	NA	NA
BCE_1361	NA	NA
BCE_1362	NA	NA
BCE_1363	1.2	8
BCE_1364	NA	NA
BCE_1365	NA	NA
BCE_1366	2.0	19
BCE_1367	NA	NA
BCE_1368	1.1	11
BCE_1369	NA	NA
BCE_1370	NA	NA
BCE_1371	NA	6
BCE_1372	10.4	16
BCE_1373	NA	6
BCE_1374	2.7	75
BCE_1375	NA	NA
BCE_1376	NA	NA
BCE_1377	NA	NA
BCE_1378	NA	NA
BCE_1379	3.3	340
BCE_1380	2.6	504
BCE_1381	4.1	32
BCE_1382	2.7	22
BCE_1383	2.0	64
BCE_1384	NA	NA
BCE_1385	NA	8
BCE_1386	3.8	19
BCE_1387	1.6	66
BCE_1388	0.7	45
BCE_1389	NA	NA
BCE_1390	NA	NA
BCE_1391	NA	NA
BCE_1392	NA	NA
BCE_1393	2.2	66
BCE_1394	NA	5
BCE_1395	NA	6
BCE_1396	6.0	8
BCE_1397	1.8	16
BCE_1398	NA	209
BCE_1399	1.4	192
BCE_1400	1.5	280
BCE_1401	1.8	261
BCE_1402	1.5	27
BCE_1403	2.2	20
BCE_1404	NA	NA
BCE_1405	1.8	19
BCE_1406	1.3	20
BCE_1407	NA	NA
BCE_1408	NA	NA
BCE_1409	2.7	6
BCE_1410	NA	6
BCE_1411	NA	7
BCE_1412	0.9	27
BCE_1413	1.4	43
BCE_1414	1.6	54
BCE_1415	4.3	301
BCE_1416	2.8	14
BCE_1417	2.9	16
BCE_1418	3.3	8
BCE_1419	NA	NA
BCE_1420	NA	7
BCE_1421	3.3	9
BCE_1422	NA	95
BCE_1423	NA	NA
BCE_1424	NA	NA
BCE_1425	NA	5
BCE_1426	2.7	20
BCE_1427	2.4	7
BCE_1428	NA	NA
BCE_1429	NA	NA
BCE_1430	NA	NA
BCE_1431	NA	24
BCE_1432	1.6	41
BCE_1433	NA	NA
BCE_1434	NA	NA
BCE_1435	NA	NA
BCE_1436	NA	NA
BCE_1437	NA	NA
BCE_1438	NA	NA
BCE_1439	NA	NA
BCE_1440	NA	NA
BCE_1441	2.5	6
BCE_1442	NA	NA
BCE_1443	NA	NA
BCE_1444	1.4	260
BCE_1445	1.1	6
BCE_1446	1.2	9
BCE_1447	NA	NA
BCE_1448	NA	13
BCE_1449	1.3	33
BCE_1450	4.2	37
BCE_1451	NA	26
BCE_1452	4.5	40
BCE_1453	NA	6
BCE_1454	NA	NA
BCE_1455	NA	NA
BCE_1456	2.0	40
BCE_1457	NA	196
BCE_1458	1.5	273
BCE_1459	1.6	209
BCE_1460	1.7	232
BCE_1461	1.7	223
BCE_1462	NA	66
BCE_1463	NA	NA
BCE_1464	NA	11
BCE_1465	3.1	94
BCE_1466	1.7	131
BCE_1467	NA	74
BCE_1468	NA	49
BCE_1469	2.1	359
BCE_1470	2.0	216
BCE_1471	5.0	358
BCE_1472	1.7	35
BCE_1473	1.5	22
BCE_1474	1.3	10
BCE_1475	2.7	38
BCE_1476	NA	13
BCE_1477	2.8	17
BCE_1478	3.0	67
BCE_1479	3.7	19
BCE_1480	NA	NA
BCE_1481	1.6	52
BCE_1482	NA	5
BCE_1483	2.3	11
BCE_1484	3.5	266
BCE_1485	3.4	509
BCE_1486	1.5	313
BCE_1487	1.7	343
BCE_1488	1.5	460
BCE_1489	1.6	14
BCE_1490	NA	NA
BCE_1491	1.3	633
BCE_1492	1.4	678
BCE_1493	1.8	761
BCE_1494	1.5	1910
BCE_1495	NA	6
BCE_1496	NA	NA
BCE_1497	NA	NA
BCE_1498	NA	NA
BCE_1499	NA	NA
BCE_1500	NA	NA
BCE_1501	2.0	16
BCE_1502	1.9	115
BCE_1503	NA	15
BCE_1504	5.6	116
BCE_1505	NA	NA
BCE_1506	1.4	72
BCE_1507	NA	12
BCE_1508	2.6	6
BCE_1509	NA	25
BCE_1510	NA	NA
BCE_1511	NA	NA
BCE_1512	NA	140
BCE_1513	NA	NA
BCE_1514	NA	NA
BCE_1515	NA	NA
BCE_1516	NA	NA
BCE_1517	NA	NA
BCE_1518	NA	NA
BCE_1519	NA	NA
BCE_1520	NA	NA
BCE_1521	NA	NA
BCE_1522	NA	NA
BCE_1523	NA	NA
BCE_1524	NA	NA
BCE_1525	NA	NA
BCE_1526	NA	NA
BCE_1527	NA	NA
BCE_1528	NA	NA
BCE_1529	NA	NA
BCE_1530	NA	NA
BCE_1531	NA	NA
BCE_1532	NA	NA
BCE_1533	NA	NA
BCE_1534	NA	NA
BCE_1535	3.6	60
BCE_1536	1.5	144
BCE_1537	NA	11
BCE_1538	NA	43
BCE_1539	NA	NA
BCE_1540	NA	NA
BCE_1541	NA	NA
BCE_1542	1.8	8
BCE_1543	2.9	12
BCE_1544	NA	NA
BCE_1545	NA	NA
BCE_1546	NA	NA
BCE_1547	NA	NA
BCE_1548	NA	NA
BCE_1549	NA	NA
BCE_1550	NA	NA
BCE_1551	NA	NA
BCE_1552	2.3	43
BCE_1553	NA	NA
BCE_1554	1.5	141
BCE_1555	2.1	434
BCE_1556	NA	14
BCE_1557	1.8	25
BCE_1558	NA	NA
BCE_1559	NA	5
BCE_1560	4.6	10
BCE_1561	NA	29
BCE_1562	1.4	40
BCE_1563	1.7	47
BCE_1564	3.0	37
BCE_1565	2.8	37
BCE_1566	9.2	14
BCE_1567	5.3	11
BCE_1568	NA	NA
BCE_1569	NA	NA
BCE_1570	2.7	9
BCE_1571	5.9	46
BCE_1572	NA	8
BCE_1573	NA	152
BCE_1574	NA	NA
BCE_1575	1.9	53
BCE_1576	3.9	271
BCE_1577	3.0	261
BCE_1578	NA	18
BCE_1579	NA	NA
BCE_1580	NA	NA
BCE_1581	NA	NA
BCE_1582	NA	NA
BCE_1583	0.8	10
BCE_1584	2.7	11
BCE_1585	2.7	30
BCE_1586	NA	360
BCE_1587	2.4	12
BCE_1588	6.9	489
BCE_1589	NA	6
BCE_1590	1.7	55
BCE_1591	NA	NA
BCE_1592	NA	NA
BCE_1593	NA	NA
BCE_1594	NA	NA
BCE_1595	NA	NA
BCE_1596	NA	NA
BCE_1597	2.4	251
BCE_1598	1.7	49
BCE_1599	1.8	31
BCE_1600	2.4	55
BCE_1601	3.3	203
BCE_1602	3.8	181
BCE_1603	3.2	31
BCE_1604	NA	NA
BCE_1605	1.5	112
BCE_1606	NA	46
BCE_1607	NA	855
BCE_1608	NA	14
BCE_1609	1.1	14
BCE_1610	0.9	18
BCE_1611	0.8	23
BCE_1612	1.0	21
BCE_1613	1.6	25
BCE_1614	1.6	42
BCE_1615	1.7	69
BCE_1616	2.1	175
BCE_1617	4.6	967
BCE_1618	NA	NA
BCE_1619	NA	39
BCE_1620	NA	8
BCE_1621	4.2	66
BCE_1622	5.6	236
BCE_1623	1.6	152
BCE_1624	NA	81
BCE_1625	4.8	108
BCE_1626	3.4	109
BCE_1627	NA	NA
BCE_1628	NA	NA
BCE_1629	NA	NA
BCE_1630	NA	NA
BCE_1631	1.8	331
BCE_1632	2.6	263
BCE_1633	NA	NA
BCE_1634	NA	NA
BCE_1635	NA	NA
BCE_1636	NA	NA
BCE_1637	NA	2668
BCE_1638	9.3	342
BCE_1639	1.5	146
BCE_1640	1.4	146
BCE_1641	1.6	101
BCE_1642	4.6	760
BCE_1643	2.9	106
BCE_1644	2.6	65
BCE_1645	3.1	72
BCE_1646	2.6	110
BCE_1647	2.6	130
BCE_1648	NA	6
BCE_1649	5.0	28
BCE_1650	5.6	21
BCE_1651	3.8	33
BCE_1652	NA	NA
BCE_1653	0.9	25
BCE_1654	0.8	20
BCE_1655	NA	NA
BCE_1656	1.8	169
BCE_1657	NA	NA
BCE_1658	NA	NA
BCE_1659	NA	NA
BCE_1660	2.6	221
BCE_1661	4.0	239
BCE_1662	5.1	288
BCE_1663	4.0	138
BCE_1664	4.4	125
BCE_1665	4.2	104
BCE_1666	5.8	113
BCE_1667	NA	NA
BCE_1668	1.5	53
BCE_1669	1.3	38
BCE_1670	NA	34
BCE_1671	1.4	36
BCE_1672	2.5	477
BCE_1673	3.6	447
BCE_1674	5.1	441
BCE_1675	2.5	54
BCE_1676	2.3	66
BCE_1677	1.8	84
BCE_1678	1.4	194
BCE_1679	NA	62
BCE_1680	NA	NA
BCE_1681	NA	10
BCE_1682	2.7	14
BCE_1683	NA	17
BCE_1684	NA	6
BCE_1685	NA	182
BCE_1686	NA	NA
BCE_1687	NA	NA
BCE_1688	2.0	30
BCE_1689	2.6	263
BCE_1690	2.4	254
BCE_1691	2.3	246
BCE_1692	2.6	106
BCE_1693	4.4	43
BCE_1694	3.8	7
BCE_1695	2.5	30
BCE_1696	NA	8
BCE_1697	NA	NA
BCE_1698	NA	8
BCE_1699	2.2	25
BCE_1700	NA	304
BCE_1701	1.9	54
BCE_1702	2.1	122
BCE_1703	3.9	101
BCE_1704	NA	183
BCE_1705	5.6	187
BCE_1706	NA	27
BCE_1707	0.7	54
BCE_1708	NA	NA
BCE_1709	NA	NA
BCE_1710	NA	NA
BCE_1711	NA	NA
BCE_1712	NA	60
BCE_1713	NA	9
BCE_1714	2.8	17
BCE_1715	6.0	100
BCE_1716	NA	17
BCE_1717	NA	12
BCE_1718	3.3	21
BCE_1719	NA	28
BCE_1720	NA	512
BCE_1721	NA	NA
BCE_1722	NA	NA
BCE_1723	NA	19
BCE_1724	NA	NA
BCE_1725	NA	NA
BCE_1726	NA	NA
BCE_1727	NA	NA
BCE_1728	1.2	20
BCE_1729	1.4	74
BCE_1730	NA	NA
BCE_1731	NA	NA
BCE_1732	NA	24
BCE_1733	NA	NA
BCE_1734	1.1	13
BCE_1735	NA	NA
BCE_1736	NA	23
BCE_1737	0.9	10
BCE_1738	NA	7
BCE_1739	NA	NA
BCE_1740	NA	NA
BCE_1741	NA	NA
BCE_1742	NA	NA
BCE_1743	NA	23
BCE_1744	1.8	113
BCE_1745	3.4	78
BCE_1746	1.3	57
BCE_1747	0.9	72
BCE_1748	2.4	554
BCE_1749	2.3	381
BCE_1750	2.1	182
BCE_1751	1.9	344
BCE_1752	1.9	122
BCE_1753	2.3	99
BCE_1754	1.6	58
BCE_1755	1.4	78
BCE_1756	1.9	123
BCE_1757	1.7	186
BCE_1758	1.6	252
BCE_1759	2.2	365
BCE_1760	2.7	266
BCE_1761	3.4	229
BCE_1762	3.4	238
BCE_1763	1.6	317
BCE_1764	1.5	575
BCE_1765	1.7	408
BCE_1766	1.9	270
BCE_1767	2.0	167
BCE_1768	2.7	155
BCE_1769	3.3	95
BCE_1770	2.7	245
BCE_1771	2.8	314
BCE_1772	2.8	477
BCE_1773	2.7	467
BCE_1774	4.1	322
BCE_1775	4.9	473
BCE_1776	5.6	236
BCE_1777	8.8	257
BCE_1778	1.9	19
BCE_1779	6.6	27
BCE_1780	8.7	2605
BCE_1781	1.9	103
BCE_1782	1.3	211
BCE_1783	1.4	141
BCE_1784	1.5	226
BCE_1785	2.0	195
BCE_1786	1.6	140
BCE_1787	2.1	179
BCE_1788	1.5	163
BCE_1789	1.9	106
BCE_1790	1.7	170
BCE_1791	2.4	181
BCE_1792	2.9	159
BCE_1793	NA	NA
BCE_1794	NA	8
BCE_1795	4.0	13
BCE_1796	NA	16
BCE_1797	NA	22
BCE_1798	NA	NA
BCE_1799	NA	NA
BCE_1800	NA	NA
BCE_1801	NA	NA
BCE_1802	NA	NA
BCE_1803	3.5	17
BCE_1804	NA	NA
BCE_1805	NA	6
BCE_1806	1.4	10
BCE_1807	NA	NA
BCE_1808	NA	NA
BCE_1809	1.3	34
BCE_1810	NA	NA
BCE_1811	NA	NA
BCE_1812	NA	NA
BCE_1813	NA	NA
BCE_1814	NA	NA
BCE_1815	NA	NA
BCE_1816	2.4	44
BCE_1817	5.2	11
BCE_1818	NA	18
BCE_1819	NA	NA
BCE_1820	NA	NA
BCE_1821	NA	6
BCE_1822	NA	NA
BCE_1823	NA	9
BCE_1824	NA	NA
BCE_1825	NA	NA
BCE_1826	NA	NA
BCE_1827	NA	12
BCE_1828	NA	NA
BCE_1829	NA	NA
BCE_1830	NA	NA
BCE_1831	NA	NA
BCE_1832	NA	NA
BCE_1833	NA	88
BCE_1834	NA	8
BCE_1835	NA	NA
BCE_1836	NA	NA
BCE_1837	NA	NA
BCE_1838	NA	NA
BCE_1839	NA	NA
BCE_1840	2.8	225
BCE_1841	6.6	370
BCE_1842	1.9	92
BCE_1843	NA	NA
BCE_1844	NA	NA
BCE_1845	2.0	23
BCE_1846	3.0	73
BCE_1847	NA	NA
BCE_1848	NA	8
BCE_1849	0.9	32
BCE_1850	1.0	17
BCE_1851	1.2	20
BCE_1852	2.0	12
BCE_1853	1.6	18
BCE_1854	0.8	22
BCE_1855	2.7	15
BCE_1856	1.6	14
BCE_1857	NA	12
BCE_1858	3.9	14
BCE_1859	NA	25
BCE_1860	NA	20
BCE_1861	NA	12
BCE_1862	NA	6
BCE_1863	NA	NA
BCE_1864	NA	7
BCE_1865	NA	NA
BCE_1866	NA	NA
BCE_1867	NA	NA
BCE_1868	NA	NA
BCE_1869	NA	NA
BCE_1870	NA	NA
BCE_1871	2.0	215
BCE_1872	2.9	312
BCE_1873	2.6	208
BCE_1874	1.7	15
BCE_1875	2.8	22
BCE_1876	NA	NA
BCE_1877	1.7	18
BCE_1878	0.9	53
BCE_1879	NA	NA
BCE_1880	3.0	34
BCE_1881	NA	NA
BCE_1882	NA	25
BCE_1883	3.6	7
BCE_1884	NA	7
BCE_1885	NA	NA
BCE_1886	NA	NA
BCE_1887	NA	NA
BCE_1888	NA	6
BCE_1889	2.0	25
BCE_1890	2.9	314
BCE_1891	NA	NA
BCE_1892	NA	NA
BCE_1893	NA	NA
BCE_1894	NA	NA
BCE_1895	NA	NA
BCE_1896	NA	30
BCE_1897	NA	NA
BCE_1898	NA	NA
BCE_1899	NA	NA
BCE_1900	NA	NA
BCE_1901	NA	NA
BCE_1902	NA	NA
BCE_1903	2.5	22
BCE_1904	NA	NA
BCE_1905	NA	NA
BCE_1906	NA	NA
BCE_1907	4.2	8
BCE_1908	NA	NA
BCE_1909	4.9	12
BCE_1910	1.7	7
BCE_1911	NA	NA
BCE_1912	NA	NA
BCE_1913	2.3	12
BCE_1914	NA	NA
BCE_1915	NA	NA
BCE_1916	2.5	14
BCE_1917	NA	14
BCE_1918	NA	6
BCE_1919	5.0	16
BCE_1920	NA	11
BCE_1921	6.1	8
BCE_1922	1.7	10
BCE_1923	2.9	15
BCE_1924	NA	17
BCE_1925	NA	97
BCE_1926	NA	NA
BCE_1927	1.5	13
BCE_1928	3.9	14
BCE_1929	NA	NA
BCE_1930	NA	NA
BCE_1931	3.0	43
BCE_1932	NA	NA
BCE_1933	NA	NA
BCE_1934	NA	NA
BCE_1935	NA	NA
BCE_1936	NA	NA
BCE_1937	NA	NA
BCE_1938	NA	NA
BCE_1939	NA	NA
BCE_1940	NA	NA
BCE_1941	NA	NA
BCE_1942	NA	NA
BCE_1943	NA	7
BCE_1944	NA	NA
BCE_1945	3.0	28
BCE_1946	4.2	15
BCE_1947	2.3	13
BCE_1948	2.3	21
BCE_1949	NA	NA
BCE_1950	NA	NA
BCE_1951	2.9	216
BCE_1952	NA	NA
BCE_1953	NA	NA
BCE_1954	1.3	28
BCE_1955	2.4	10
BCE_1956	NA	NA
BCE_1957	1.2	6
BCE_1958	3.6	13
BCE_1959	1.9	15
BCE_1960	1.4	18
BCE_1961	1.1	268
BCE_1962	NA	NA
BCE_1963	NA	NA
BCE_1964	5.3	11
BCE_1965	NA	NA
BCE_1966	1.7	20
BCE_1967	2.3	492
BCE_1968	2.9	869
BCE_1969	3.1	573
BCE_1970	3.4	424
BCE_1971	3.2	91
BCE_1972	NA	26
BCE_1973	NA	11
BCE_1974	2.7	22
BCE_1975	3.6	59
BCE_1976	1.6	37
BCE_1977	2.6	89
BCE_1978	2.5	126
BCE_1979	NA	NA
BCE_1980	NA	NA
BCE_1981	2.4	15
BCE_1982	NA	10
BCE_1983	NA	NA
BCE_1984	1.5	27
BCE_1985	NA	NA
BCE_1986	NA	8
BCE_1987	3.3	19
BCE_1988	2.9	19
BCE_1989	NA	11
BCE_1990	3.9	19
BCE_1991	NA	NA
BCE_1992	NA	NA
BCE_1993	NA	6
BCE_1994	1.6	9
BCE_1995	1.7	55
BCE_1996	NA	NA
BCE_1997	NA	10
BCE_1998	NA	12
BCE_1999	3.5	25
BCE_2000	1.3	6
BCE_2001	NA	NA
BCE_2002	NA	NA
BCE_2003	NA	NA
BCE_2004	NA	NA
BCE_2005	NA	NA
BCE_2006	NA	NA
BCE_2007	5.0	49
BCE_2008	NA	NA
BCE_2009	1.0	24
BCE_2010	NA	NA
BCE_2011	NA	NA
BCE_2012	NA	NA
BCE_2013	NA	NA
BCE_2014	NA	NA
BCE_2015	NA	NA
BCE_2016	NA	NA
BCE_2017	NA	NA
BCE_2018	NA	NA
BCE_2019	1.5	38
BCE_2020	NA	NA
BCE_2021	2.2	10
BCE_2022	NA	11
BCE_2023	2.3	14
BCE_2024	2.0	9
BCE_2025	NA	NA
BCE_2026	NA	NA
BCE_2027	NA	NA
BCE_2028	NA	NA
BCE_2029	NA	NA
BCE_2030	NA	NA
BCE_2031	NA	11
BCE_2032	NA	34
BCE_2033	NA	NA
BCE_2034	NA	71
BCE_2035	4.5	18
BCE_2036	NA	44
BCE_2037	5.4	1019
BCE_2038	2.2	6
BCE_2039	NA	NA
BCE_2040	2.1	10
BCE_2041	NA	9
BCE_2042	NA	NA
BCE_2043	NA	NA
BCE_2044	7.0	178
BCE_2045	NA	NA
BCE_2046	3.5	7
BCE_2047	NA	NA
BCE_2048	NA	NA
BCE_2049	2.4	9
BCE_2050	NA	NA
BCE_2051	NA	NA
BCE_2052	NA	NA
BCE_2053	NA	NA
BCE_2054	NA	NA
BCE_2055	NA	NA
BCE_2056	1.1	17
BCE_2057	NA	18
BCE_2058	1.0	14
BCE_2059	1.5	26
BCE_2060	NA	20
BCE_2061	2.4	231
BCE_2062	2.2	174
BCE_2063	3.1	14
BCE_2064	NA	NA
BCE_2065	NA	NA
BCE_2066	NA	NA
BCE_2067	NA	NA
BCE_2068	1.6	15
BCE_2069	NA	27
BCE_2070	NA	NA
BCE_2071	NA	NA
BCE_2072	2.0	61
BCE_2073	3.2	270
BCE_2074	2.9	23
BCE_2075	5.9	183
BCE_2076	NA	NA
BCE_2077	NA	50
BCE_2078	NA	NA
BCE_2079	NA	32
BCE_2080	NA	NA
BCE_2081	NA	27
BCE_2082	NA	10
BCE_2083	NA	NA
BCE_2084	NA	NA
BCE_2085	NA	NA
BCE_2086	NA	NA
BCE_2087	NA	NA
BCE_2088	1.5	102
BCE_2089	2.1	17
BCE_2090	1.6	100
BCE_2091	NA	NA
BCE_2092	NA	36
BCE_2093	NA	NA
BCE_2094	NA	NA
BCE_2095	NA	NA
BCE_2096	4.1	6
BCE_2097	NA	NA
BCE_2098	NA	NA
BCE_2099	3.6	7
BCE_2100	5.9	77
BCE_2101	1.4	109
BCE_2102	NA	10
BCE_2103	2.2	114
BCE_2104	NA	NA
BCE_2105	NA	43
BCE_2106	6.7	7
BCE_2107	NA	8
BCE_2108	1.1	14
BCE_2109	NA	6
BCE_2110	NA	NA
BCE_2111	NA	8
BCE_2112	9.4	10
BCE_2113	NA	18
BCE_2114	NA	NA
BCE_2115	NA	NA
BCE_2116	3.2	6
BCE_2117	1.8	94
BCE_2118	NA	NA
BCE_2119	NA	40
BCE_2120	1.5	20
BCE_2121	1.7	31
BCE_2122	3.7	9
BCE_2123	NA	NA
BCE_2124	NA	NA
BCE_2125	NA	NA
BCE_2126	NA	NA
BCE_2127	NA	NA
BCE_2128	1.8	20
BCE_2129	NA	NA
BCE_2130	NA	NA
BCE_2131	NA	NA
BCE_2132	NA	NA
BCE_2133	5.2	14
BCE_2134	NA	NA
BCE_2135	NA	NA
BCE_2136	NA	NA
BCE_2137	NA	NA
BCE_2138	NA	NA
BCE_2139	NA	NA
BCE_2140	NA	NA
BCE_2141	NA	NA
BCE_2142	NA	NA
BCE_2143	NA	NA
BCE_2144	NA	NA
BCE_2145	2.7	127
BCE_2146	3.6	228
BCE_2147	NA	NA
BCE_2148	NA	NA
BCE_2149	NA	NA
BCE_2150	NA	NA
BCE_2151	NA	NA
BCE_2152	NA	NA
BCE_2153	NA	NA
BCE_2154	NA	NA
BCE_2155	NA	NA
BCE_2156	NA	NA
BCE_2157	NA	NA
BCE_2158	NA	NA
BCE_2159	3.6	NA
BCE_2160	NA	11
BCE_2161	NA	6
BCE_2162	2.5	6
BCE_2163	1.8	20
BCE_2164	NA	NA
BCE_2165	NA	NA
BCE_2166	NA	NA
BCE_2167	NA	NA
BCE_2168	NA	NA
BCE_2169	1.6	51
BCE_2170	NA	NA
BCE_2171	NA	NA
BCE_2172	NA	9
BCE_2173	NA	NA
BCE_2174	NA	NA
BCE_2175	NA	NA
BCE_2176	NA	8
BCE_2177	5.2	5
BCE_2178	NA	NA
BCE_2179	NA	NA
BCE_2180	3.1	NA
BCE_2181	NA	NA
BCE_2182	2.5	213
BCE_2183	1.6	54
BCE_2184	NA	NA
BCE_2185	NA	NA
BCE_2186	NA	7
BCE_2187	7.1	136
BCE_2188	3.6	122
BCE_2189	3.5	132
BCE_2190	NA	NA
BCE_2191	NA	NA
BCE_2192	NA	NA
BCE_2193	NA	NA
BCE_2194	NA	NA
BCE_2195	NA	NA
BCE_2196	NA	NA
BCE_2197	NA	NA
BCE_2198	1.8	13
BCE_2199	NA	NA
BCE_2200	5.5	29
BCE_2201	1.6	136
BCE_2202	4.8	18
BCE_2203	NA	NA
BCE_2204	NA	NA
BCE_2205	NA	NA
BCE_2206	NA	NA
BCE_2207	NA	NA
BCE_2208	2.4	17
BCE_2209	2.0	28
BCE_2210	3.8	12
BCE_2211	2.1	8
BCE_2212	NA	NA
BCE_2213	NA	NA
BCE_2214	4.5	6
BCE_2215	7.6	46
BCE_2216	NA	NA
BCE_2217	NA	NA
BCE_2218	NA	NA
BCE_2219	NA	NA
BCE_2220	NA	NA
BCE_2221	NA	NA
BCE_2222	NA	NA
BCE_2223	NA	NA
BCE_2224	1.5	48
BCE_2225	2.1	59
BCE_2226	5.2	389
BCE_2227	NA	8
BCE_2228	NA	NA
BCE_2229	2.3	11
BCE_2230	NA	NA
BCE_2231	2.4	46
BCE_2232	2.1	56
BCE_2233	5.6	219
BCE_2234	NA	11
BCE_2235	NA	5
BCE_2236	2.9	8
BCE_2237	NA	7
BCE_2238	NA	NA
BCE_2239	NA	NA
BCE_2240	1.5	24
BCE_2241	5.2	8
BCE_2242	NA	NA
BCE_2243	NA	NA
BCE_2244	NA	NA
BCE_2245	NA	NA
BCE_2246	NA	NA
BCE_2247	NA	7
BCE_2248	NA	9
BCE_2249	NA	NA
BCE_2250	NA	NA
BCE_2251	NA	NA
BCE_2252	NA	NA
BCE_2253	NA	NA
BCE_2254	NA	67
BCE_2255	3.5	72
BCE_2256	2.6	8
BCE_2257	NA	NA
BCE_2258	NA	8
BCE_2259	1.2	14
BCE_2260	NA	NA
BCE_2261	NA	31
BCE_2262	NA	8
BCE_2263	NA	11
BCE_2264	NA	NA
BCE_2265	NA	NA
BCE_2266	2.8	117
BCE_2267	2.8	131
BCE_2268	4.3	88
BCE_2269	NA	22
BCE_2270	2.3	197
BCE_2271	2.0	35
BCE_2272	NA	NA
BCE_2273	NA	NA
BCE_2274	NA	32
BCE_2275	NA	16
BCE_2276	2.7	271
BCE_2277	NA	NA
BCE_2278	2.1	89
BCE_2279	2.5	9
BCE_2280	2.9	374
BCE_2281	2.1	19
BCE_2282	NA	10
BCE_2283	1.3	192
BCE_2284	NA	NA
BCE_2285	NA	NA
BCE_2286	2.3	46
BCE_2287	2.1	63
BCE_2288	NA	35
BCE_2289	NA	NA
BCE_2290	NA	NA
BCE_2291	NA	NA
BCE_2292	NA	NA
BCE_2293	NA	NA
BCE_2294	NA	NA
BCE_2295	1.8	45
BCE_2296	4.4	33
BCE_2297	NA	NA
BCE_2298	NA	NA
BCE_2299	NA	NA
BCE_2300	NA	11
BCE_2301	1.7	2976
BCE_2302	1.5	1968
BCE_2303	1.7	1764
BCE_2304	2.4	2021
BCE_2305	NA	NA
BCE_2306	NA	NA
BCE_2307	NA	NA
BCE_2308	NA	NA
BCE_2309	NA	NA
BCE_2310	5.9	11
BCE_2311	NA	NA
BCE_2312	2.3	19
BCE_2313	1.3	11
BCE_2314	1.2	10
BCE_2315	0.8	23
BCE_2316	NA	NA
BCE_2317	NA	NA
BCE_2318	NA	NA
BCE_2319	NA	NA
BCE_2320	NA	13
BCE_2321	NA	NA
BCE_2322	NA	NA
BCE_2323	5.0	24
BCE_2324	NA	87
BCE_2325	2.2	11
BCE_2326	NA	NA
BCE_2327	NA	NA
BCE_2328	NA	NA
BCE_2329	NA	NA
BCE_2330	NA	NA
BCE_2331	NA	NA
BCE_2332	NA	NA
BCE_2333	NA	NA
BCE_2334	NA	NA
BCE_2335	NA	NA
BCE_2336	NA	83
BCE_2337	NA	NA
BCE_2338	NA	NA
BCE_2339	NA	NA
BCE_2340	NA	11
BCE_2341	NA	6
BCE_2342	NA	5
BCE_2343	NA	7
BCE_2344	5.5	337
BCE_2345	NA	NA
BCE_2346	NA	NA
BCE_2347	NA	NA
BCE_2348	NA	NA
BCE_2349	NA	NA
BCE_2350	NA	NA
BCE_2351	NA	NA
BCE_2352	NA	NA
BCE_2353	NA	NA
BCE_2354	NA	NA
BCE_2355	NA	NA
BCE_2356	NA	NA
BCE_2357	NA	NA
BCE_2358	NA	NA
BCE_2359	NA	13
BCE_2360	NA	NA
BCE_2361	NA	9
BCE_2362	NA	10
BCE_2363	NA	11
BCE_2364	1.9	15
BCE_2365	NA	NA
BCE_2366	NA	NA
BCE_2367	NA	NA
BCE_2368	NA	NA
BCE_2369	NA	NA
BCE_2370	1.6	118
BCE_2371	NA	NA
BCE_2372	NA	NA
BCE_2373	NA	NA
BCE_2374	NA	NA
BCE_2375	NA	NA
BCE_2376	NA	NA
BCE_2377	NA	NA
BCE_2378	NA	NA
BCE_2379	NA	NA
BCE_2380	NA	NA
BCE_2381	NA	NA
BCE_2382	NA	NA
BCE_2383	NA	NA
BCE_2384	NA	NA
BCE_2385	NA	7
BCE_2386	NA	10
BCE_2387	NA	NA
BCE_2388	NA	36
BCE_2389	1.2	98
BCE_2390	1.3	38
BCE_2391	2.1	38
BCE_2392	NA	8
BCE_2393	1.4	97
BCE_2394	1.7	68
BCE_2395	NA	NA
BCE_2396	NA	NA
BCE_2397	NA	NA
BCE_2398	2.7	213
BCE_2399	5.0	120
BCE_2400	5.2	128
BCE_2401	4.9	122
BCE_2402	5.5	81
BCE_2403	8.0	92
BCE_2404	NA	43
BCE_2405	4.9	64
BCE_2406	6.0	55
BCE_2407	3.3	7
BCE_2408	2.8	6
BCE_2409	NA	16
BCE_2410	NA	NA
BCE_2411	2.9	9
BCE_2412	1.4	19
BCE_2413	1.5	18
BCE_2414	NA	NA
BCE_2415	NA	NA
BCE_2416	NA	NA
BCE_2417	2.5	75
BCE_2418	NA	44
BCE_2419	3.9	8
BCE_2420	NA	NA
BCE_2421	NA	NA
BCE_2422	NA	NA
BCE_2423	NA	NA
BCE_2424	NA	NA
BCE_2425	NA	NA
BCE_2426	NA	NA
BCE_2427	NA	NA
BCE_2428	NA	NA
BCE_2429	NA	NA
BCE_2430	NA	10
BCE_2431	NA	15
BCE_2432	NA	15
BCE_2433	2.7	10
BCE_2434	NA	NA
BCE_2435	NA	88
BCE_2436	3.4	29
BCE_2437	1.7	6
BCE_2438	1.9	9
BCE_2439	NA	NA
BCE_2440	NA	NA
BCE_2441	NA	NA
BCE_2442	2.9	20
BCE_2443	NA	NA
BCE_2444	NA	NA
BCE_2445	NA	NA
BCE_2446	NA	NA
BCE_2447	NA	NA
BCE_2448	NA	NA
BCE_2449	NA	NA
BCE_2450	2.2	25
BCE_2451	NA	NA
BCE_2452	2.6	22
BCE_2453	4.8	436
BCE_2454	2.1	505
BCE_2455	1.9	13
BCE_2456	1.9	19
BCE_2457	NA	NA
BCE_2458	NA	NA
BCE_2459	NA	NA
BCE_2460	NA	NA
BCE_2461	NA	NA
BCE_2462	NA	9
BCE_2463	NA	NA
BCE_2464	NA	NA
BCE_2465	NA	NA
BCE_2466	NA	NA
BCE_2467	NA	NA
BCE_2468	NA	NA
BCE_2469	NA	NA
BCE_2470	NA	NA
BCE_2471	NA	8
BCE_2472	2.3	73
BCE_2473	2.0	59
BCE_2474	NA	8
BCE_2475	2.9	8
BCE_2476	NA	NA
BCE_2477	NA	NA
BCE_2478	NA	NA
BCE_2479	NA	NA
BCE_2480	NA	NA
BCE_2481	NA	NA
BCE_2482	NA	NA
BCE_2483	NA	NA
BCE_2484	NA	NA
BCE_2485	NA	NA
BCE_2486	NA	NA
BCE_2487	NA	NA
BCE_2488	NA	NA
BCE_2489	1.6	345
BCE_2490	2.0	9
BCE_2491	1.6	16
BCE_2492	3.2	73
BCE_2493	NA	NA
BCE_2494	NA	NA
BCE_2495	NA	NA
BCE_2496	NA	NA
BCE_2497	NA	NA
BCE_2498	NA	NA
BCE_2499	NA	NA
BCE_2500	1.0	17
BCE_2501	1.6	21
BCE_2502	1.6	29
BCE_2503	2.4	17
BCE_2504	NA	NA
BCE_2505	NA	NA
BCE_2506	NA	NA
BCE_2507	NA	NA
BCE_2508	NA	NA
BCE_2509	1.5	57
BCE_2510	NA	NA
BCE_2511	NA	NA
BCE_2512	NA	NA
BCE_2513	NA	NA
BCE_2514	NA	NA
BCE_2515	4.7	152
BCE_2516	NA	NA
BCE_2517	NA	NA
BCE_2518	1.0	28
BCE_2519	1.2	31
BCE_2520	1.8	45
BCE_2521	1.5	15
BCE_2522	1.9	18
BCE_2523	NA	7
BCE_2524	NA	9
BCE_2525	NA	8
BCE_2526	NA	NA
BCE_2527	7.4	85
BCE_2528	NA	NA
BCE_2529	NA	NA
BCE_2530	NA	NA
BCE_2531	NA	NA
BCE_2532	2.3	NA
BCE_2533	NA	NA
BCE_2534	NA	NA
BCE_2535	NA	NA
BCE_2536	1.9	9
BCE_2537	NA	NA
BCE_2538	NA	NA
BCE_2539	NA	NA
BCE_2540	NA	NA
BCE_2541	NA	NA
BCE_2542	NA	NA
BCE_2543	NA	NA
BCE_2544	NA	NA
BCE_2545	2.3	5
BCE_2546	NA	NA
BCE_2547	NA	7
BCE_2548	NA	NA
BCE_2549	NA	NA
BCE_2550	NA	NA
BCE_2551	NA	NA
BCE_2552	NA	NA
BCE_2553	NA	NA
BCE_2554	NA	NA
BCE_2555	NA	NA
BCE_2556	NA	NA
BCE_2557	NA	NA
BCE_2558	NA	NA
BCE_2559	NA	NA
BCE_2560	NA	NA
BCE_2561	NA	NA
BCE_2562	NA	NA
BCE_2563	1.4	24
BCE_2564	NA	12
BCE_2565	NA	NA
BCE_2566	NA	NA
BCE_2567	NA	NA
BCE_2568	NA	NA
BCE_2569	NA	NA
BCE_2570	NA	10
BCE_2571	2.0	44
BCE_2572	2.0	28
BCE_2573	NA	7
BCE_2574	NA	NA
BCE_2575	NA	8
BCE_2576	2.8	15
BCE_2577	NA	NA
BCE_2578	NA	NA
BCE_2579	NA	NA
BCE_2580	NA	NA
BCE_2581	NA	NA
BCE_2582	NA	NA
BCE_2583	NA	NA
BCE_2584	2.5	8
BCE_2585	2.7	15
BCE_2586	NA	10
BCE_2587	NA	NA
BCE_2588	NA	NA
BCE_2589	NA	NA
BCE_2590	NA	NA
BCE_2591	NA	NA
BCE_2592	NA	NA
BCE_2593	NA	NA
BCE_2594	NA	NA
BCE_2595	NA	NA
BCE_2596	NA	NA
BCE_2597	NA	NA
BCE_2598	NA	NA
BCE_2599	NA	NA
BCE_2600	NA	6
BCE_2601	NA	NA
BCE_2602	NA	NA
BCE_2603	NA	NA
BCE_2604	NA	NA
BCE_2605	NA	NA
BCE_2606	NA	NA
BCE_2607	NA	NA
BCE_2608	NA	NA
BCE_2609	3.8	16
BCE_2610	NA	NA
BCE_2611	NA	NA
BCE_2612	NA	NA
BCE_2613	NA	NA
BCE_2614	NA	NA
BCE_2615	NA	NA
BCE_2616	NA	NA
BCE_2617	NA	12
BCE_2618	1.3	13
BCE_2619	NA	24
BCE_2620	NA	NA
BCE_2621	NA	NA
BCE_2622	NA	NA
BCE_2623	NA	NA
BCE_2624	NA	94
BCE_2625	NA	NA
BCE_2626	1.6	11
BCE_2627	1.8	11
BCE_2628	1.7	37
BCE_2629	NA	NA
BCE_2630	NA	NA
BCE_2631	NA	NA
BCE_2632	NA	NA
BCE_2633	NA	NA
BCE_2634	NA	NA
BCE_2635	NA	NA
BCE_2636	NA	NA
BCE_2637	NA	NA
BCE_2638	NA	NA
BCE_2639	NA	NA
BCE_2640	NA	NA
BCE_2641	NA	NA
BCE_2642	NA	NA
BCE_2643	NA	NA
BCE_2644	NA	NA
BCE_2645	NA	NA
BCE_2646	NA	NA
BCE_2647	NA	20
BCE_2648	1.8	13
BCE_2649	NA	NA
BCE_2650	NA	9
BCE_2651	NA	22
BCE_2652	1.4	9
BCE_2653	NA	NA
BCE_2654	NA	NA
BCE_2655	NA	NA
BCE_2656	NA	NA
BCE_2657	NA	NA
BCE_2658	3.1	7
BCE_2659	NA	NA
BCE_2660	NA	NA
BCE_2661	NA	19
BCE_2662	NA	7
BCE_2663	NA	NA
BCE_2664	NA	NA
BCE_2665	NA	NA
BCE_2666	NA	NA
BCE_2667	NA	NA
BCE_2668	NA	NA
BCE_2669	NA	NA
BCE_2670	3.1	NA
BCE_2671	1.1	9
BCE_2672	NA	NA
BCE_2673	NA	NA
BCE_2674	NA	NA
BCE_2675	NA	6
BCE_2676	NA	NA
BCE_2677	3.9	7
BCE_2678	2.5	6
BCE_2679	NA	NA
BCE_2680	NA	NA
BCE_2681	NA	NA
BCE_2682	NA	NA
BCE_2683	NA	NA
BCE_2684	NA	NA
BCE_2685	NA	NA
BCE_2686	NA	NA
BCE_2687	1.4	58
BCE_2688	NA	NA
BCE_2689	NA	NA
BCE_2690	NA	NA
BCE_2691	4.7	15
BCE_2692	NA	NA
BCE_2693	NA	NA
BCE_2694	NA	NA
BCE_2695	NA	NA
BCE_2696	NA	NA
BCE_2697	NA	16
BCE_2698	NA	NA
BCE_2699	NA	NA
BCE_2700	NA	11
BCE_2701	NA	7
BCE_2702	NA	NA
BCE_2703	NA	NA
BCE_2704	0.8	42
BCE_2705	NA	NA
BCE_2706	NA	NA
BCE_2707	NA	11
BCE_2708	NA	NA
BCE_2709	NA	NA
BCE_2710	NA	NA
BCE_2711	NA	NA
BCE_2712	NA	NA
BCE_2713	NA	NA
BCE_2714	NA	NA
BCE_2715	NA	NA
BCE_2716	NA	6
BCE_2717	1.1	24
BCE_2718	NA	NA
BCE_2719	NA	NA
BCE_2720	NA	NA
BCE_2721	NA	NA
BCE_2722	NA	NA
BCE_2723	NA	NA
BCE_2724	1.4	13
BCE_2725	NA	NA
BCE_2726	NA	NA
BCE_2727	NA	NA
BCE_2728	NA	NA
BCE_2729	3.7	10
BCE_2730	NA	7
BCE_2731	NA	NA
BCE_2732	NA	NA
BCE_2733	NA	NA
BCE_2734	2.2	251
BCE_2735	1.5	189
BCE_2736	NA	NA
BCE_2737	NA	NA
BCE_2738	NA	NA
BCE_2739	NA	14
BCE_2740	2.6	33
BCE_2741	4.2	18
BCE_2742	2.7	85
BCE_2743	1.6	22
BCE_2744	NA	NA
BCE_2745	NA	NA
BCE_2746	NA	NA
BCE_2747	NA	NA
BCE_2748	NA	NA
BCE_2749	NA	NA
BCE_2750	NA	NA
BCE_2751	NA	7
BCE_2752	NA	7
BCE_2753	NA	6
BCE_2754	NA	NA
BCE_2755	NA	12
BCE_2756	1.4	18
BCE_2757	NA	NA
BCE_2758	NA	NA
BCE_2759	NA	NA
BCE_2760	NA	NA
BCE_2761	NA	NA
BCE_2762	5.8	136
BCE_2763	NA	191
BCE_2764	NA	NA
BCE_2765	NA	NA
BCE_2766	3.2	84
BCE_2767	1.9	14
BCE_2768	NA	NA
BCE_2769	NA	NA
BCE_2770	NA	NA
BCE_2771	NA	NA
BCE_2772	NA	NA
BCE_2773	NA	NA
BCE_2774	NA	12
BCE_2775	2.1	19
BCE_2776	NA	10
BCE_2777	2.5	31
BCE_2778	6.9	49
BCE_2779	NA	NA
BCE_2780	NA	NA
BCE_2781	NA	NA
BCE_2782	NA	NA
BCE_2783	NA	NA
BCE_2784	NA	NA
BCE_2785	2.6	5
BCE_2786	NA	9
BCE_2787	NA	NA
BCE_2788	NA	NA
BCE_2789	NA	NA
BCE_2790	NA	NA
BCE_2791	NA	NA
BCE_2792	NA	NA
BCE_2793	NA	NA
BCE_2794	NA	NA
BCE_2795	NA	NA
BCE_2796	NA	NA
BCE_2797	NA	NA
BCE_2798	NA	NA
BCE_2799	2.4	149
BCE_2800	2.2	7
BCE_2801	NA	NA
BCE_2802	NA	NA
BCE_2803	NA	NA
BCE_2804	NA	NA
BCE_2805	NA	NA
BCE_2806	NA	NA
BCE_2807	NA	NA
BCE_2808	NA	26
BCE_2809	NA	NA
BCE_2810	NA	NA
BCE_2811	NA	NA
BCE_2812	NA	NA
BCE_2813	NA	NA
BCE_2814	NA	NA
BCE_2815	NA	NA
BCE_2816	NA	NA
BCE_2817	NA	NA
BCE_2818	NA	NA
BCE_2819	NA	NA
BCE_2820	NA	NA
BCE_2821	NA	NA
BCE_2822	NA	NA
BCE_2823	3.4	13
BCE_2824	4.5	87
BCE_2825	2.9	43
BCE_2826	3.5	20
BCE_2827	4.3	19
BCE_2828	2.1	7
BCE_2829	NA	13
BCE_2830	2.2	41
BCE_2831	1.9	57
BCE_2832	2.4	21
BCE_2833	2.3	9
BCE_2834	1.9	7
BCE_2835	NA	NA
BCE_2836	NA	6
BCE_2837	NA	28
BCE_2838	NA	49
BCE_2839	4.3	14
BCE_2840	NA	NA
BCE_2841	2.6	50
BCE_2842	1.7	32
BCE_2843	NA	NA
BCE_2844	NA	NA
BCE_2845	NA	13
BCE_2846	NA	NA
BCE_2847	NA	NA
BCE_2848	NA	NA
BCE_2849	NA	NA
BCE_2850	NA	NA
BCE_2851	1.0	10
BCE_2852	NA	NA
BCE_2853	NA	NA
BCE_2854	5.3	821
BCE_2855	4.2	5
BCE_2856	NA	NA
BCE_2857	NA	NA
BCE_2858	NA	NA
BCE_2859	NA	NA
BCE_2860	NA	NA
BCE_2861	NA	NA
BCE_2862	NA	NA
BCE_2863	NA	NA
BCE_2864	NA	NA
BCE_2865	NA	NA
BCE_2866	NA	NA
BCE_2867	1.8	6
BCE_2868	2.7	85
BCE_2869	2.8	368
BCE_2870	2.7	236
BCE_2871	2.8	93
BCE_2872	NA	7
BCE_2873	NA	NA
BCE_2874	NA	NA
BCE_2875	1.8	40
BCE_2876	NA	NA
BCE_2877	NA	NA
BCE_2878	NA	NA
BCE_2879	NA	NA
BCE_2880	NA	NA
BCE_2881	NA	NA
BCE_2882	NA	NA
BCE_2883	NA	NA
BCE_2884	NA	NA
BCE_2885	NA	NA
BCE_2886	NA	8
BCE_2887	NA	NA
BCE_2888	NA	6
BCE_2889	NA	NA
BCE_2890	NA	NA
BCE_2891	NA	NA
BCE_2892	NA	NA
BCE_2893	NA	NA
BCE_2894	NA	NA
BCE_2895	NA	NA
BCE_2896	4.1	10
BCE_2897	4.1	15
BCE_2898	4.0	40
BCE_2899	NA	11
BCE_2900	NA	11
BCE_2901	NA	9
BCE_2902	4.0	11
BCE_2903	NA	NA
BCE_2904	NA	NA
BCE_2905	NA	NA
BCE_2906	1.6	134
BCE_2907	NA	NA
BCE_2908	NA	NA
BCE_2909	NA	NA
BCE_2910	NA	NA
BCE_2911	NA	8
BCE_2912	NA	12
BCE_2913	NA	14
BCE_2914	NA	NA
BCE_2915	NA	122
BCE_2916	4.1	55
BCE_2917	NA	43
BCE_2918	3.2	34
BCE_2919	NA	21
BCE_2920	NA	NA
BCE_2921	NA	NA
BCE_2922	NA	NA
BCE_2923	NA	NA
BCE_2924	1.2	24
BCE_2925	3.3	83
BCE_2926	NA	NA
BCE_2927	NA	NA
BCE_2928	NA	61
BCE_2929	NA	NA
BCE_2930	NA	NA
BCE_2931	NA	NA
BCE_2932	3.9	8
BCE_2933	NA	NA
BCE_2934	NA	NA
BCE_2935	2.1	13
BCE_2936	NA	NA
BCE_2937	NA	NA
BCE_2938	4.6	28
BCE_2939	4.7	8
BCE_2940	3.3	7
BCE_2941	1.9	23
BCE_2942	1.4	13
BCE_2943	2.0	8
BCE_2944	2.4	10
BCE_2945	NA	8
BCE_2946	NA	NA
BCE_2947	NA	NA
BCE_2948	NA	NA
BCE_2949	NA	NA
BCE_2950	NA	NA
BCE_2951	NA	NA
BCE_2952	NA	NA
BCE_2953	NA	NA
BCE_2954	NA	NA
BCE_2955	2.5	58
BCE_2956	1.7	34
BCE_2957	NA	134
BCE_2958	NA	NA
BCE_2959	NA	NA
BCE_2960	NA	NA
BCE_2961	NA	NA
BCE_2962	NA	10
BCE_2963	1.0	8
BCE_2964	NA	NA
BCE_2965	NA	11
BCE_2966	1.8	9
BCE_2967	1.6	23
BCE_2968	2.3	12
BCE_2969	NA	8
BCE_2970	2.3	17
BCE_2971	2.0	14
BCE_2972	NA	NA
BCE_2973	2.7	13
BCE_2974	NA	NA
BCE_2975	NA	13
BCE_2976	NA	NA
BCE_2977	NA	9
BCE_2978	2.3	5
BCE_2979	1.7	216
BCE_2980	NA	NA
BCE_2981	2.1	14
BCE_2982	2.1	13
BCE_2983	2.1	9
BCE_2984	NA	NA
BCE_2985	NA	NA
BCE_2986	NA	NA
BCE_2987	1.7	64
BCE_2988	1.9	282
BCE_2989	NA	NA
BCE_2990	2.4	12
BCE_2991	2.2	79
BCE_2992	NA	9
BCE_2993	3.9	29
BCE_2994	4.4	51
BCE_2995	7.2	17
BCE_2996	3.2	24
BCE_2997	3.4	24
BCE_2998	3.1	189
BCE_2999	NA	NA
BCE_3000	NA	NA
BCE_3001	NA	NA
BCE_3002	3.8	14
BCE_3003	NA	23
BCE_3004	NA	NA
BCE_3005	4.9	161
BCE_3006	NA	NA
BCE_3007	1.6	20
BCE_3008	NA	NA
BCE_3009	NA	9
BCE_3010	NA	NA
BCE_3011	3.1	43
BCE_3012	NA	NA
BCE_3013	NA	NA
BCE_3014	NA	NA
BCE_3015	NA	NA
BCE_3016	NA	NA
BCE_3017	NA	NA
BCE_3018	NA	NA
BCE_3019	NA	NA
BCE_3020	NA	7
BCE_3021	6.3	6
BCE_3022	NA	21
BCE_3023	5.2	16
BCE_3024	3.5	166
BCE_3025	NA	NA
BCE_3026	NA	NA
BCE_3027	NA	NA
BCE_3028	2.4	101
BCE_3029	1.9	53
BCE_3030	1.0	42
BCE_3031	1.7	36
BCE_3032	2.3	7
BCE_3033	NA	9
BCE_3034	NA	NA
BCE_3035	NA	NA
BCE_3036	NA	NA
BCE_3037	NA	NA
BCE_3038	NA	NA
BCE_3039	NA	17
BCE_3040	2.6	40
BCE_3041	NA	NA
BCE_3042	NA	NA
BCE_3043	NA	NA
BCE_3044	NA	NA
BCE_3045	NA	NA
BCE_3046	NA	NA
BCE_3047	NA	NA
BCE_3048	NA	NA
BCE_3049	NA	8
BCE_3050	2.9	9
BCE_3051	2.2	24
BCE_3052	NA	NA
BCE_3053	NA	NA
BCE_3054	NA	NA
BCE_3055	NA	NA
BCE_3056	NA	NA
BCE_3057	NA	NA
BCE_3058	NA	NA
BCE_3059	NA	NA
BCE_3060	NA	NA
BCE_3061	NA	NA
BCE_3062	NA	NA
BCE_3063	NA	NA
BCE_3064	NA	NA
BCE_3065	NA	NA
BCE_3066	NA	NA
BCE_3067	NA	NA
BCE_3068	NA	NA
BCE_3069	NA	NA
BCE_3070	NA	NA
BCE_3071	NA	NA
BCE_3072	NA	NA
BCE_3073	NA	NA
BCE_3074	NA	49
BCE_3075	5.4	70
BCE_3076	6.2	73
BCE_3077	NA	NA
BCE_3078	NA	NA
BCE_3079	NA	NA
BCE_3080	2.3	22
BCE_3081	2.9	24
BCE_3082	NA	NA
BCE_3083	NA	NA
BCE_3084	NA	NA
BCE_3085	NA	NA
BCE_3086	NA	NA
BCE_3087	NA	NA
BCE_3088	NA	NA
BCE_3089	NA	NA
BCE_3090	NA	NA
BCE_3091	NA	NA
BCE_3092	NA	NA
BCE_3093	NA	NA
BCE_3094	NA	NA
BCE_3095	NA	16
BCE_3096	3.6	50
BCE_3097	4.0	16
BCE_3098	3.4	18
BCE_3099	3.4	20
BCE_3100	NA	11
BCE_3101	NA	17
BCE_3102	NA	NA
BCE_3103	1.6	44
BCE_3104	NA	NA
BCE_3105	NA	13
BCE_3106	NA	NA
BCE_3107	NA	NA
BCE_3108	NA	25
BCE_3109	NA	11
BCE_3110	NA	NA
BCE_3111	NA	NA
BCE_3112	NA	NA
BCE_3113	8.2	8
BCE_3114	NA	6
BCE_3115	5.9	16
BCE_3116	NA	NA
BCE_3117	NA	NA
BCE_3118	NA	NA
BCE_3119	NA	NA
BCE_3120	NA	NA
BCE_3121	NA	NA
BCE_3122	NA	NA
BCE_3123	1.5	34
BCE_3124	NA	19
BCE_3125	NA	NA
BCE_3126	1.8	50
BCE_3127	1.3	46
BCE_3128	NA	NA
BCE_3129	1.8	29
BCE_3130	NA	9
BCE_3131	NA	NA
BCE_3132	NA	10
BCE_3133	2.5	6
BCE_3134	NA	NA
BCE_3135	2.5	9
BCE_3136	NA	23
BCE_3137	3.6	12
BCE_3138	NA	22
BCE_3139	NA	NA
BCE_3140	NA	NA
BCE_3141	NA	NA
BCE_3142	NA	NA
BCE_3143	NA	NA
BCE_3144	NA	NA
BCE_3145	NA	NA
BCE_3146	NA	NA
BCE_3147	NA	NA
BCE_3148	NA	NA
BCE_3149	NA	NA
BCE_3150	NA	NA
BCE_3151	NA	NA
BCE_3152	NA	NA
BCE_3153	NA	NA
BCE_3154	2.4	6
BCE_3155	NA	NA
BCE_3156	2.2	17
BCE_3157	2.9	159
BCE_3158	NA	NA
BCE_3159	NA	NA
BCE_3160	NA	NA
BCE_3161	NA	NA
BCE_3162	NA	NA
BCE_3163	NA	NA
BCE_3164	NA	NA
BCE_3165	NA	NA
BCE_3166	NA	NA
BCE_3167	NA	NA
BCE_3168	NA	NA
BCE_3169	NA	NA
BCE_3170	NA	NA
BCE_3171	NA	NA
BCE_3172	NA	NA
BCE_3173	NA	NA
BCE_3174	NA	NA
BCE_3175	1.4	7
BCE_3176	NA	NA
BCE_3177	NA	NA
BCE_3178	NA	NA
BCE_3179	NA	NA
BCE_3180	NA	NA
BCE_3181	NA	NA
BCE_3182	3.0	19
BCE_3183	1.1	8
BCE_3184	1.6	18
BCE_3185	NA	NA
BCE_3186	NA	NA
BCE_3187	NA	NA
BCE_3188	NA	NA
BCE_3189	1.7	26
BCE_3190	2.5	24
BCE_3191	1.6	15
BCE_3192	NA	NA
BCE_3193	4.7	38
BCE_3194	NA	NA
BCE_3195	NA	NA
BCE_3196	NA	NA
BCE_3197	NA	NA
BCE_3198	2.4	56
BCE_3199	NA	NA
BCE_3200	NA	NA
BCE_3201	NA	NA
BCE_3202	NA	NA
BCE_3203	NA	NA
BCE_3204	NA	NA
BCE_3205	NA	NA
BCE_3206	NA	NA
BCE_3207	4.4	27
BCE_3208	NA	8
BCE_3209	NA	7
BCE_3210	NA	NA
BCE_3211	3.8	9
BCE_3212	NA	10
BCE_3213	NA	NA
BCE_3214	NA	NA
BCE_3215	NA	NA
BCE_3216	NA	NA
BCE_3217	NA	NA
BCE_3218	2.6	7
BCE_3219	2.0	13
BCE_3220	NA	NA
BCE_3221	NA	NA
BCE_3222	NA	NA
BCE_3223	NA	NA
BCE_3224	NA	NA
BCE_3225	2.2	10
BCE_3226	NA	NA
BCE_3227	NA	NA
BCE_3228	NA	28
BCE_3229	NA	NA
BCE_3230	NA	NA
BCE_3231	1.5	14
BCE_3232	2.3	12
BCE_3233	1.0	7
BCE_3234	NA	NA
BCE_3235	NA	NA
BCE_3236	NA	NA
BCE_3237	NA	NA
BCE_3238	NA	NA
BCE_3239	NA	NA
BCE_3240	NA	NA
BCE_3241	NA	NA
BCE_3242	1.4	6
BCE_3243	NA	NA
BCE_3244	NA	NA
BCE_3245	NA	NA
BCE_3246	NA	NA
BCE_3247	NA	NA
BCE_3248	3.5	8
BCE_3249	NA	NA
BCE_3250	NA	NA
BCE_3251	NA	NA
BCE_3252	NA	NA
BCE_3253	NA	7
BCE_3254	2.0	8
BCE_3255	NA	34
BCE_3256	1.2	72
BCE_3257	NA	18
BCE_3258	NA	9
BCE_3259	NA	NA
BCE_3260	NA	NA
BCE_3261	2.4	58
BCE_3262	NA	NA
BCE_3263	NA	NA
BCE_3264	NA	NA
BCE_3265	NA	NA
BCE_3266	3.9	183
BCE_3267	NA	NA
BCE_3268	NA	NA
BCE_3269	NA	NA
BCE_3270	NA	NA
BCE_3271	NA	NA
BCE_3272	1.4	NA
BCE_3273	NA	NA
BCE_3274	NA	8
BCE_3275	2.2	6
BCE_3276	3.6	9
BCE_3277	1.5	37
BCE_3278	2.4	39
BCE_3279	NA	NA
BCE_3280	7.0	42
BCE_3281	NA	NA
BCE_3282	NA	NA
BCE_3283	5.1	39
BCE_3284	NA	9
BCE_3285	NA	NA
BCE_3286	3.2	69
BCE_3287	5.1	32
BCE_3288	NA	NA
BCE_3289	NA	NA
BCE_3290	NA	NA
BCE_3291	NA	NA
BCE_3292	NA	NA
BCE_3293	1.4	19
BCE_3294	NA	NA
BCE_3295	1.7	6
BCE_3296	NA	NA
BCE_3297	NA	NA
BCE_3298	2.6	21
BCE_3299	NA	38
BCE_3300	NA	NA
BCE_3301	NA	NA
BCE_3302	5.1	16
BCE_3303	NA	NA
BCE_3304	2.6	168
BCE_3305	2.9	24
BCE_3306	NA	NA
BCE_3307	NA	NA
BCE_3308	2.4	36
BCE_3309	3.9	34
BCE_3310	3.5	19
BCE_3311	NA	NA
BCE_3312	NA	13
BCE_3313	NA	27
BCE_3314	3.9	252
BCE_3315	NA	NA
BCE_3316	NA	6
BCE_3317	NA	10
BCE_3318	NA	6
BCE_3319	NA	NA
BCE_3320	NA	NA
BCE_3321	NA	NA
BCE_3322	4.2	16
BCE_3323	3.2	28
BCE_3324	3.7	27
BCE_3325	3.5	148
BCE_3326	3.9	130
BCE_3327	NA	NA
BCE_3328	NA	NA
BCE_3329	NA	NA
BCE_3330	NA	NA
BCE_3331	NA	51
BCE_3332	0.8	18
BCE_3333	1.2	13
BCE_3334	1.7	18
BCE_3335	1.9	12
BCE_3336	NA	15
BCE_3337	1.0	6
BCE_3338	NA	NA
BCE_3339	NA	NA
BCE_3340	NA	NA
BCE_3341	NA	NA
BCE_3342	NA	NA
BCE_3343	NA	NA
BCE_3344	NA	NA
BCE_3345	NA	NA
BCE_3346	1.9	20
BCE_3347	1.6	13
BCE_3348	NA	NA
BCE_3349	NA	NA
BCE_3350	NA	NA
BCE_3351	NA	19
BCE_3352	NA	NA
BCE_3353	NA	NA
BCE_3354	NA	NA
BCE_3355	NA	NA
BCE_3356	3.6	10
BCE_3357	NA	18
BCE_3358	NA	NA
BCE_3359	NA	9
BCE_3360	NA	9
BCE_3361	2.3	48
BCE_3362	1.8	28
BCE_3363	2.0	16
BCE_3364	NA	18
BCE_3365	2.3	87
BCE_3366	NA	30
BCE_3367	1.4	15
BCE_3368	NA	13
BCE_3369	NA	NA
BCE_3370	NA	NA
BCE_3371	3.7	6
BCE_3372	5.2	16
BCE_3373	2.7	9
BCE_3374	NA	11
BCE_3375	7.2	18
BCE_3376	NA	NA
BCE_3377	4.6	25
BCE_3378	4.7	18
BCE_3379	5.0	15
BCE_3380	1.5	16
BCE_3381	4.3	107
BCE_3382	1.9	9
BCE_3383	NA	402
BCE_3384	NA	9
BCE_3385	2.3	10
BCE_3386	NA	5
BCE_3387	NA	NA
BCE_3388	NA	NA
BCE_3389	NA	NA
BCE_3390	1.0	19
BCE_3391	NA	27
BCE_3392	2.4	192
BCE_3393	2.3	153
BCE_3394	NA	NA
BCE_3395	NA	NA
BCE_3396	NA	NA
BCE_3397	NA	NA
BCE_3398	NA	NA
BCE_3399	NA	NA
BCE_3400	NA	NA
BCE_3401	NA	NA
BCE_3402	NA	NA
BCE_3403	NA	NA
BCE_3404	NA	NA
BCE_3405	NA	NA
BCE_3406	5.4	29
BCE_3407	NA	NA
BCE_3408	NA	NA
BCE_3409	NA	NA
BCE_3410	NA	NA
BCE_3411	NA	NA
BCE_3412	NA	NA
BCE_3413	NA	NA
BCE_3414	NA	NA
BCE_3415	NA	NA
BCE_3416	NA	724
BCE_3417	11.2	1772
BCE_3418	NA	1003
BCE_3419	1.7	8
BCE_3420	NA	15
BCE_3421	NA	9
BCE_3422	NA	9
BCE_3423	2.2	10
BCE_3424	2.4	19
BCE_3425	NA	12
BCE_3426	NA	NA
BCE_3427	2.7	10
BCE_3428	1.8	13
BCE_3429	NA	13
BCE_3430	NA	NA
BCE_3431	NA	NA
BCE_3432	NA	NA
BCE_3433	NA	NA
BCE_3434	NA	NA
BCE_3435	NA	NA
BCE_3436	NA	NA
BCE_3437	NA	8
BCE_3438	2.9	24
BCE_3439	NA	9
BCE_3440	NA	NA
BCE_3441	NA	NA
BCE_3442	NA	NA
BCE_3443	4.5	8
BCE_3444	NA	NA
BCE_3445	NA	NA
BCE_3446	NA	NA
BCE_3447	NA	NA
BCE_3448	1.9	16
BCE_3449	2.4	15
BCE_3450	NA	NA
BCE_3451	NA	NA
BCE_3452	NA	NA
BCE_3453	2.5	7
BCE_3454	NA	NA
BCE_3455	NA	NA
BCE_3456	NA	NA
BCE_3457	NA	NA
BCE_3458	NA	27
BCE_3459	NA	NA
BCE_3460	NA	NA
BCE_3461	NA	NA
BCE_3462	NA	NA
BCE_3463	NA	NA
BCE_3464	NA	NA
BCE_3465	NA	NA
BCE_3466	NA	NA
BCE_3467	2.1	14
BCE_3468	NA	7
BCE_3469	NA	NA
BCE_3470	5.5	33
BCE_3471	NA	NA
BCE_3472	1.0	9
BCE_3473	1.1	31
BCE_3474	1.0	10
BCE_3475	NA	12
BCE_3476	NA	NA
BCE_3477	1.5	14
BCE_3478	NA	NA
BCE_3479	4.3	87
BCE_3480	4.0	174
BCE_3481	NA	NA
BCE_3482	2.1	25
BCE_3483	NA	16
BCE_3484	NA	10
BCE_3485	1.4	413
BCE_3486	1.4	257
BCE_3487	1.4	138
BCE_3488	NA	NA
BCE_3489	NA	13
BCE_3490	4.8	72
BCE_3491	NA	NA
BCE_3492	NA	NA
BCE_3493	NA	NA
BCE_3494	NA	NA
BCE_3495	NA	8
BCE_3496	NA	NA
BCE_3497	4.7	22
BCE_3498	2.8	9
BCE_3499	NA	NA
BCE_3500	NA	NA
BCE_3501	NA	7
BCE_3502	4.2	20
BCE_3503	NA	NA
BCE_3504	NA	NA
BCE_3505	NA	NA
BCE_3506	NA	NA
BCE_3507	0.9	26
BCE_3508	NA	11
BCE_3509	NA	NA
BCE_3510	NA	NA
BCE_3511	NA	5
BCE_3512	NA	NA
BCE_3513	1.8	8
BCE_3514	4.9	236
BCE_3515	NA	9
BCE_3516	4.6	6
BCE_3517	NA	12
BCE_3518	NA	NA
BCE_3519	NA	NA
BCE_3520	NA	NA
BCE_3521	NA	8
BCE_3522	2.3	22
BCE_3523	NA	NA
BCE_3524	NA	NA
BCE_3525	NA	NA
BCE_3526	NA	NA
BCE_3527	NA	NA
BCE_3528	NA	NA
BCE_3529	NA	NA
BCE_3530	NA	NA
BCE_3531	1.1	8
BCE_3532	2.9	15
BCE_3533	NA	13
BCE_3534	2.4	53
BCE_3535	1.8	58
BCE_3536	NA	14
BCE_3537	NA	15
BCE_3538	NA	21
BCE_3539	NA	NA
BCE_3540	NA	NA
BCE_3541	NA	NA
BCE_3542	NA	NA
BCE_3543	NA	NA
BCE_3544	NA	NA
BCE_3545	NA	NA
BCE_3546	NA	NA
BCE_3547	NA	NA
BCE_3548	1.3	55
BCE_3549	NA	NA
BCE_3550	1.9	38
BCE_3551	NA	33
BCE_3552	2.9	10
BCE_3553	NA	5399
BCE_3554	4.8	9
BCE_3555	NA	11
BCE_3556	1.9	101
BCE_3557	1.1	22
BCE_3558	1.1	13
BCE_3559	NA	8
BCE_3560	NA	NA
BCE_3561	NA	27
BCE_3562	2.9	11
BCE_3563	NA	NA
BCE_3564	NA	NA
BCE_3565	0.8	59
BCE_3566	1.9	8
BCE_3567	2.4	40
BCE_3568	2.8	25
BCE_3569	NA	NA
BCE_3570	NA	NA
BCE_3571	NA	NA
BCE_3572	NA	NA
BCE_3573	NA	22
BCE_3574	2.6	24
BCE_3575	3.7	24
BCE_3576	NA	7
BCE_3577	NA	10
BCE_3578	2.4	13
BCE_3579	NA	NA
BCE_3580	NA	NA
BCE_3581	NA	NA
BCE_3582	NA	NA
BCE_3583	NA	NA
BCE_3584	2.4	8
BCE_3585	2.0	6
BCE_3586	NA	NA
BCE_3587	NA	NA
BCE_3588	NA	NA
BCE_3589	NA	NA
BCE_3590	NA	NA
BCE_3591	NA	NA
BCE_3592	NA	NA
BCE_3593	NA	NA
BCE_3594	NA	NA
BCE_3595	NA	NA
BCE_3596	NA	NA
BCE_3597	NA	NA
BCE_3598	NA	NA
BCE_3599	NA	NA
BCE_3600	NA	NA
BCE_3601	NA	NA
BCE_3602	NA	NA
BCE_3603	NA	NA
BCE_3604	NA	NA
BCE_3605	NA	NA
BCE_3606	NA	NA
BCE_3607	NA	NA
BCE_3608	NA	NA
BCE_3609	NA	NA
BCE_3610	NA	NA
BCE_3611	NA	NA
BCE_3612	2.8	9
BCE_3613	NA	NA
BCE_3614	NA	NA
BCE_3615	3.7	35
BCE_3616	3.0	146
BCE_3617	2.7	243
BCE_3618	4.4	81
BCE_3619	1.9	107
BCE_3620	1.3	59
BCE_3621	1.1	79
BCE_3622	2.9	9
BCE_3623	NA	97
BCE_3624	2.7	318
BCE_3625	2.7	636
BCE_3626	4.2	102
BCE_3627	NA	NA
BCE_3628	NA	NA
BCE_3629	NA	NA
BCE_3630	NA	NA
BCE_3631	1.8	20
BCE_3632	NA	NA
BCE_3633	NA	NA
BCE_3634	NA	NA
BCE_3635	4.2	85
BCE_3636	NA	NA
BCE_3637	NA	NA
BCE_3638	NA	NA
BCE_3639	NA	NA
BCE_3640	NA	NA
BCE_3641	NA	NA
BCE_3642	NA	NA
BCE_3643	3.0	43
BCE_3644	NA	NA
BCE_3645	3.3	NA
BCE_3646	NA	NA
BCE_3647	NA	NA
BCE_3648	2.9	6
BCE_3649	2.5	5
BCE_3650	NA	NA
BCE_3651	NA	NA
BCE_3652	NA	NA
BCE_3653	NA	NA
BCE_3654	NA	NA
BCE_3655	NA	NA
BCE_3656	NA	NA
BCE_3657	NA	NA
BCE_3658	NA	NA
BCE_3659	NA	5
BCE_3660	NA	NA
BCE_3661	NA	NA
BCE_3662	NA	NA
BCE_3663	NA	NA
BCE_3664	NA	NA
BCE_3665	NA	39
BCE_3666	1.3	11
BCE_3667	1.6	13
BCE_3668	1.0	88
BCE_3669	NA	NA
BCE_3670	0.7	12
BCE_3671	2.6	12
BCE_3672	NA	NA
BCE_3673	NA	6
BCE_3674	NA	NA
BCE_3675	NA	9
BCE_3676	NA	12
BCE_3677	NA	NA
BCE_3678	NA	NA
BCE_3679	NA	NA
BCE_3680	NA	NA
BCE_3681	2.7	16
BCE_3682	NA	NA
BCE_3683	NA	NA
BCE_3684	NA	NA
BCE_3685	NA	12
BCE_3686	1.5	88
BCE_3687	NA	NA
BCE_3688	6.9	6
BCE_3689	5.8	6
BCE_3690	NA	NA
BCE_3691	NA	NA
BCE_3692	NA	NA
BCE_3693	NA	NA
BCE_3694	3.9	113
BCE_3695	3.3	64
BCE_3696	NA	NA
BCE_3697	2.0	50
BCE_3698	2.6	19
BCE_3699	1.2	52
BCE_3700	1.6	29
BCE_3701	NA	NA
BCE_3702	1.4	23
BCE_3703	NA	NA
BCE_3704	NA	NA
BCE_3705	NA	NA
BCE_3706	NA	NA
BCE_3707	NA	NA
BCE_3708	NA	NA
BCE_3709	NA	11
BCE_3710	4.3	177
BCE_3711	NA	10
BCE_3712	0.9	9
BCE_3713	NA	NA
BCE_3714	3.0	10
BCE_3715	3.6	10
BCE_3716	5.2	1049
BCE_3717	5.1	548
BCE_3718	6.6	1495
BCE_3719	NA	NA
BCE_3720	NA	NA
BCE_3721	NA	NA
BCE_3722	NA	NA
BCE_3723	NA	NA
BCE_3724	NA	NA
BCE_3725	3.6	401
BCE_3726	3.3	33
BCE_3727	4.8	212
BCE_3728	2.0	17
BCE_3729	2.9	11
BCE_3730	2.8	20
BCE_3731	3.8	780
BCE_3732	5.3	762
BCE_3733	1.9	83
BCE_3734	1.7	70
BCE_3735	3.1	46
BCE_3736	NA	NA
BCE_3737	NA	NA
BCE_3738	3.5	10
BCE_3739	NA	NA
BCE_3740	2.1	172
BCE_3741	2.6	127
BCE_3742	NA	NA
BCE_3743	NA	NA
BCE_3744	1.9	24
BCE_3745	NA	26
BCE_3746	1.2	13
BCE_3747	6.6	46
BCE_3748	3.6	182
BCE_3749	NA	10
BCE_3750	2.2	23
BCE_3751	NA	NA
BCE_3752	NA	NA
BCE_3753	NA	NA
BCE_3754	NA	NA
BCE_3755	NA	NA
BCE_3756	NA	1731
BCE_3757	NA	5
BCE_3758	6.1	13
BCE_3759	NA	61
BCE_3760	NA	39
BCE_3761	1.1	101
BCE_3762	NA	NA
BCE_3763	NA	NA
BCE_3764	NA	NA
BCE_3765	NA	NA
BCE_3766	NA	15
BCE_3767	3.0	573
BCE_3768	2.5	643
BCE_3769	2.2	520
BCE_3770	2.2	443
BCE_3771	2.2	1183
BCE_3772	NA	NA
BCE_3773	NA	NA
BCE_3774	NA	NA
BCE_3775	4.9	50
BCE_3776	NA	NA
BCE_3777	NA	6
BCE_3778	NA	NA
BCE_3779	NA	NA
BCE_3780	NA	NA
BCE_3781	1.2	25
BCE_3782	1.1	36
BCE_3783	NA	NA
BCE_3784	NA	NA
BCE_3785	2.8	6
BCE_3786	1.1	6
BCE_3787	2.6	NA
BCE_3788	NA	NA
BCE_3789	NA	NA
BCE_3790	NA	NA
BCE_3791	NA	NA
BCE_3792	3.7	99
BCE_3793	5.4	59
BCE_3794	4.0	206
BCE_3795	1.4	202
BCE_3796	1.0	7
BCE_3797	NA	22
BCE_3798	NA	NA
BCE_3799	NA	NA
BCE_3800	NA	NA
BCE_3801	2.8	7
BCE_3802	2.2	62
BCE_3803	1.5	104
BCE_3804	NA	NA
BCE_3805	2.4	68
BCE_3806	2.4	57
BCE_3807	2.4	25
BCE_3808	4.2	326
BCE_3809	4.0	403
BCE_3810	NA	NA
BCE_3811	2.9	293
BCE_3812	3.3	187
BCE_3813	3.7	937
BCE_3814	4.2	174
BCE_3815	3.0	153
BCE_3816	2.5	153
BCE_3817	2.6	204
BCE_3818	2.0	166
BCE_3819	2.5	52
BCE_3820	1.4	30
BCE_3821	5.0	21
BCE_3822	5.5	18
BCE_3823	2.4	138
BCE_3824	1.7	273
BCE_3825	1.4	165
BCE_3826	4.2	536
BCE_3827	1.3	415
BCE_3828	1.5	62
BCE_3829	NA	24
BCE_3830	NA	NA
BCE_3831	NA	NA
BCE_3832	NA	NA
BCE_3833	1.2	150
BCE_3834	NA	NA
BCE_3835	10.0	545
BCE_3836	7.8	560
BCE_3837	5.4	563
BCE_3838	5.5	604
BCE_3839	NA	NA
BCE_3840	NA	NA
BCE_3841	NA	NA
BCE_3842	NA	NA
BCE_3843	4.8	198
BCE_3844	2.0	29
BCE_3845	2.1	853
BCE_3846	6.4	17521
BCE_3847	3.5	197
BCE_3848	3.7	130
BCE_3849	6.1	839
BCE_3850	5.0	2264
BCE_3851	*	1589
BCE_3852	5.4	2121
BCE_3853	5.4	1575
BCE_3854	4.7	1361
BCE_3855	5.9	1491
BCE_3856	5.1	120
BCE_3857	5.7	77
BCE_3858	4.1	115
BCE_3859	4.8	179
BCE_3860	6.2	230
BCE_3861	5.0	507
BCE_3862	4.0	604
BCE_3863	3.9	508
BCE_3864	4.2	526
BCE_3865	5.7	874
BCE_3866	5.0	3189
BCE_3867	4.0	4190
BCE_3868	5.2	6262
BCE_3869	3.7	490
BCE_3870	3.4	746
BCE_3871	3.1	880
BCE_3872	3.3	998
BCE_3873	2.8	1089
BCE_3874	3.1	384
BCE_3875	2.8	466
BCE_3876	NA	NA
BCE_3877	*	1302
BCE_3878	9.1	2221
BCE_3879	2.2	46
BCE_3880	1.6	226
BCE_3881	1.9	366
BCE_3882	3.3	3442
BCE_3883	5.4	240
BCE_3884	5.8	223
BCE_3885	12.7	1056
BCE_3886	12.2	2546
BCE_3887	3.0	777
BCE_3888	2.9	909
BCE_3889	3.4	196
BCE_3890	2.0	207
BCE_3891	2.5	391
BCE_3892	6.1	1649
BCE_3893	2.8	812
BCE_3894	2.9	1883
BCE_3895	3.1	1086
BCE_3896	3.1	669
BCE_3897	4.0	197
BCE_3898	3.7	835
BCE_3899	4.0	845
BCE_3900	5.0	3392
BCE_3901	7.4	43
BCE_3902	7.5	433
BCE_3903	4.9	242
BCE_3904	3.6	245
BCE_3905	3.6	431
BCE_3906	3.7	341
BCE_3907	2.8	274
BCE_3908	3.0	265
BCE_3909	3.7	229
BCE_3910	3.0	229
BCE_3911	2.5	120
BCE_3912	2.2	100
BCE_3913	2.3	214
BCE_3914	2.4	337
BCE_3915	2.1	314
BCE_3916	1.5	199
BCE_3917	NA	NA
BCE_3918	2.5	56
BCE_3919	3.1	112
BCE_3920	1.3	96
BCE_3921	NA	NA
BCE_3922	NA	NA
BCE_3923	1.3	NA
BCE_3924	NA	NA
BCE_3925	NA	NA
BCE_3926	NA	NA
BCE_3927	NA	38
BCE_3928	15.0	41
BCE_3929	NA	32
BCE_3930	NA	37
BCE_3931	NA	27
BCE_3932	NA	24
BCE_3933	NA	17
BCE_3934	NA	11
BCE_3935	2.1	19
BCE_3936	2.0	92
BCE_3937	1.8	232
BCE_3938	1.6	298
BCE_3939	2.6	74
BCE_3940	3.9	389
BCE_3941	4.4	201
BCE_3942	2.5	300
BCE_3943	2.1	297
BCE_3944	2.4	498
BCE_3945	1.8	212
BCE_3946	1.7	215
BCE_3947	NA	NA
BCE_3948	NA	NA
BCE_3949	NA	NA
BCE_3950	NA	NA
BCE_3951	3.5	635
BCE_3952	2.9	935
BCE_3953	2.8	1024
BCE_3954	1.4	149
BCE_3955	1.5	310
BCE_3956	1.5	198
BCE_3957	2.3	60
BCE_3958	1.8	344
BCE_3959	1.7	215
BCE_3960	1.3	271
BCE_3961	2.3	114
BCE_3962	2.0	171
BCE_3963	2.3	302
BCE_3964	1.5	287
BCE_3965	1.5	66
BCE_3966	2.4	26
BCE_3967	7.5	19
BCE_3968	5.8	63
BCE_3969	6.2	2045
BCE_3970	3.5	1550
BCE_3971	2.5	22
BCE_3972	1.6	38
BCE_3973	1.3	20
BCE_3974	NA	20
BCE_3975	1.7	13
BCE_3976	2.0	177
BCE_3977	1.7	188
BCE_3978	1.1	91
BCE_3979	2.1	105
BCE_3980	1.8	102
BCE_3981	2.3	118
BCE_3982	NA	NA
BCE_3983	NA	NA
BCE_3984	NA	44
BCE_3985	NA	6
BCE_3986	3.7	9
BCE_3987	3.5	10
BCE_3988	NA	11
BCE_3989	NA	13
BCE_3990	3.4	24
BCE_3991	2.5	121
BCE_3992	1.9	285
BCE_3993	3.6	232
BCE_3994	5.8	139
BCE_3995	1.3	162
BCE_3996	2.7	721
BCE_3997	2.8	106
BCE_3998	1.8	6
BCE_3999	NA	NA
BCE_4000	1.1	1042
BCE_4001	1.3	8
BCE_4002	NA	6
BCE_4003	2.2	724
BCE_4004	NA	2040
BCE_4005	1.8	72
BCE_4006	NA	NA
BCE_4007	4.3	57
BCE_4008	NA	50
BCE_4009	4.1	288
BCE_4010	NA	NA
BCE_4011	NA	71
BCE_4012	1.6	99
BCE_4013	1.9	108
BCE_4014	NA	NA
BCE_4015	NA	NA
BCE_4016	NA	NA
BCE_4017	NA	300
BCE_4018	NA	4639
BCE_4019	7.7	10505
BCE_4020	6.8	9689
BCE_4021	8.2	7491
BCE_4022	2.6	15
BCE_4023	5.0	233
BCE_4024	2.5	311
BCE_4025	3.3	333
BCE_4026	3.0	553
BCE_4027	1.7	117
BCE_4028	1.6	19
BCE_4029	1.8	93
BCE_4030	1.9	735
BCE_4031	1.9	130
BCE_4032	1.8	62
BCE_4033	2.5	7
BCE_4034	NA	NA
BCE_4035	NA	NA
BCE_4036	NA	2451
BCE_4037	10.1	157
BCE_4038	NA	NA
BCE_4039	NA	65
BCE_4040	NA	9
BCE_4041	NA	NA
BCE_4042	NA	NA
BCE_4043	2.5	21
BCE_4044	1.5	11
BCE_4045	NA	9
BCE_4046	1.0	55
BCE_4047	NA	91
BCE_4048	NA	NA
BCE_4049	NA	NA
BCE_4050	NA	NA
BCE_4051	3.1	57
BCE_4052	2.9	135
BCE_4053	NA	6
BCE_4054	2.4	55
BCE_4055	3.1	100
BCE_4056	NA	NA
BCE_4057	NA	NA
BCE_4058	1.6	20
BCE_4059	NA	31
BCE_4060	2.1	132
BCE_4061	2.1	78
BCE_4062	2.0	9
BCE_4063	NA	NA
BCE_4064	NA	NA
BCE_4065	NA	NA
BCE_4066	NA	6
BCE_4067	2.3	7
BCE_4068	2.5	354
BCE_4069	NA	36
BCE_4070	0.6	84
BCE_4071	0.9	61
BCE_4072	NA	95
BCE_4073	NA	8
BCE_4074	0.9	27
BCE_4075	1.3	22
BCE_4076	NA	NA
BCE_4077	4.9	81
BCE_4078	3.2	21
BCE_4079	NA	NA
BCE_4080	NA	12
BCE_4081	0.8	17
BCE_4082	NA	8
BCE_4083	NA	12
BCE_4084	NA	NA
BCE_4085	8.6	5
BCE_4086	NA	NA
BCE_4087	NA	NA
BCE_4088	NA	NA
BCE_4089	NA	NA
BCE_4090	NA	NA
BCE_4091	3.0	50
BCE_4092	6.6	6
BCE_4093	2.7	6
BCE_4094	NA	NA
BCE_4095	NA	NA
BCE_4096	NA	NA
BCE_4097	NA	NA
BCE_4098	NA	NA
BCE_4099	NA	NA
BCE_4100	NA	32
BCE_4101	4.1	7
BCE_4102	NA	NA
BCE_4103	NA	NA
BCE_4104	NA	NA
BCE_4105	NA	NA
BCE_4106	NA	NA
BCE_4107	1.3	9
BCE_4108	2.7	109
BCE_4109	1.8	162
BCE_4110	1.9	37
BCE_4111	NA	NA
BCE_4112	3.2	231
BCE_4113	NA	27
BCE_4114	4.3	33
BCE_4115	4.9	1714
BCE_4116	4.3	3440
BCE_4117	2.5	1454
BCE_4118	NA	69
BCE_4119	6.0	215
BCE_4120	6.7	467
BCE_4121	11.3	642
BCE_4122	3.7	13
BCE_4123	NA	7
BCE_4124	1.5	107
BCE_4125	1.2	79
BCE_4126	NA	29
BCE_4127	2.6	23
BCE_4128	4.0	176
BCE_4129	NA	82
BCE_4130	4.4	140
BCE_4131	NA	1168
BCE_4132	1.3	103
BCE_4133	2.8	15
BCE_4134	NA	NA
BCE_4135	NA	NA
BCE_4136	NA	NA
BCE_4137	NA	NA
BCE_4138	NA	NA
BCE_4139	NA	NA
BCE_4140	3.5	13
BCE_4141	NA	NA
BCE_4142	NA	NA
BCE_4143	NA	NA
BCE_4144	NA	NA
BCE_4145	NA	NA
BCE_4146	NA	19
BCE_4147	3.0	17
BCE_4148	NA	20
BCE_4149	NA	NA
BCE_4150	0.8	157
BCE_4151	NA	NA
BCE_4152	3.2	329
BCE_4153	3.4	110
BCE_4154	3.5	686
BCE_4155	3.0	1256
BCE_4156	2.5	1490
BCE_4157	1.7	401
BCE_4158	1.6	40
BCE_4159	NA	44
BCE_4160	4.5	409
BCE_4161	NA	NA
BCE_4162	6.9	151
BCE_4163	NA	64
BCE_4164	NA	NA
BCE_4165	5.0	44
BCE_4166	4.6	268
BCE_4167	3.4	13
BCE_4168	2.3	13
BCE_4169	3.1	6
BCE_4170	NA	NA
BCE_4171	0.9	18
BCE_4172	1.3	55
BCE_4173	NA	5
BCE_4174	3.6	8
BCE_4175	1.7	52
BCE_4176	1.2	88
BCE_4177	2.3	78
BCE_4178	NA	225
BCE_4179	2.1	19
BCE_4180	2.7	35
BCE_4181	2.6	20
BCE_4182	2.8	66
BCE_4183	2.7	7
BCE_4184	NA	NA
BCE_4185	NA	NA
BCE_4186	NA	NA
BCE_4187	NA	NA
BCE_4188	NA	NA
BCE_4189	NA	NA
BCE_4190	NA	NA
BCE_4191	NA	NA
BCE_4192	0.9	65
BCE_4193	1.5	25
BCE_4194	2.7	296
BCE_4195	NA	12
BCE_4196	5.3	332
BCE_4197	NA	20
BCE_4198	NA	5
BCE_4199	NA	NA
BCE_4200	NA	NA
BCE_4201	NA	NA
BCE_4202	NA	NA
BCE_4203	NA	NA
BCE_4204	NA	12
BCE_4205	1.7	77
BCE_4206	2.4	13
BCE_4207	NA	NA
BCE_4208	2.5	1481
BCE_4209	2.2	1572
BCE_4210	2.0	128
BCE_4211	1.0	94
BCE_4212	NA	NA
BCE_4213	NA	NA
BCE_4214	1.4	9
BCE_4215	3.1	17
BCE_4216	8.4	237
BCE_4217	2.6	11
BCE_4218	NA	7
BCE_4219	NA	122
BCE_4220	NA	29
BCE_4221	1.7	16
BCE_4222	NA	22
BCE_4223	NA	NA
BCE_4224	NA	NA
BCE_4225	NA	NA
BCE_4226	NA	NA
BCE_4227	2.3	136
BCE_4228	4.1	115
BCE_4229	NA	19
BCE_4230	NA	NA
BCE_4231	2.9	248
BCE_4232	NA	642
BCE_4233	5.8	1706
BCE_4234	5.8	1764
BCE_4235	4.9	776
BCE_4236	4.5	874
BCE_4237	5.4	1542
BCE_4238	4.7	1169
BCE_4239	1.6	20
BCE_4240	NA	5
BCE_4241	3.2	48
BCE_4242	NA	158
BCE_4243	2.8	124
BCE_4244	2.8	46
BCE_4245	1.5	17
BCE_4246	1.4	65
BCE_4247	3.1	535
BCE_4248	3.3	185
BCE_4249	3.0	391
BCE_4250	5.3	180
BCE_4251	3.6	377
BCE_4252	4.5	257
BCE_4253	3.9	505
BCE_4254	4.6	552
BCE_4255	2.8	451
BCE_4256	3.6	599
BCE_4257	3.2	502
BCE_4258	3.3	234
BCE_4259	NA	NA
BCE_4260	NA	NA
BCE_4261	NA	NA
BCE_4262	NA	NA
BCE_4263	NA	NA
BCE_4264	NA	NA
BCE_4265	NA	NA
BCE_4266	NA	NA
BCE_4267	NA	NA
BCE_4268	NA	NA
BCE_4269	NA	NA
BCE_4270	6.0	845
BCE_4271	8.2	843
BCE_4272	3.6	221
BCE_4273	NA	NA
BCE_4274	1.4	56
BCE_4275	2.8	74
BCE_4276	2.7	42
BCE_4277	1.9	254
BCE_4278	NA	NA
BCE_4279	NA	26
BCE_4280	NA	10
BCE_4281	NA	14
BCE_4282	NA	NA
BCE_4283	2.2	221
BCE_4284	4.3	134
BCE_4285	1.5	326
BCE_4286	1.5	16
BCE_4287	2.2	55
BCE_4288	NA	13
BCE_4289	3.5	46
BCE_4290	NA	42
BCE_4291	NA	37
BCE_4292	NA	NA
BCE_4293	NA	NA
BCE_4294	2.2	7
BCE_4295	NA	NA
BCE_4296	NA	11
BCE_4297	NA	NA
BCE_4298	2.2	6
BCE_4299	NA	14
BCE_4300	NA	104
BCE_4301	NA	42
BCE_4302	NA	15
BCE_4303	6.8	386
BCE_4304	6.8	377
BCE_4305	8.2	308
BCE_4306	NA	NA
BCE_4307	NA	NA
BCE_4308	NA	NA
BCE_4309	NA	390
BCE_4310	NA	35
BCE_4311	1.9	26
BCE_4312	NA	36
BCE_4313	1.8	27
BCE_4314	2.1	51
BCE_4315	NA	NA
BCE_4316	NA	NA
BCE_4317	NA	NA
BCE_4318	NA	NA
BCE_4319	NA	NA
BCE_4320	NA	NA
BCE_4321	NA	NA
BCE_4322	2.2	27
BCE_4323	NA	20
BCE_4324	1.3	299
BCE_4325	NA	9
BCE_4326	NA	NA
BCE_4327	NA	239
BCE_4328	1.7	102
BCE_4329	NA	42
BCE_4330	NA	65
BCE_4331	NA	18
BCE_4332	NA	NA
BCE_4333	NA	NA
BCE_4334	NA	NA
BCE_4335	NA	NA
BCE_4336	NA	NA
BCE_4337	NA	NA
BCE_4338	NA	11
BCE_4339	NA	185
BCE_4340	5.3	65
BCE_4341	6.1	36
BCE_4342	NA	8
BCE_4343	2.6	477
BCE_4344	2.4	305
BCE_4345	3.6	110
BCE_4346	NA	6486
BCE_4347	2.1	9
BCE_4348	NA	NA
BCE_4349	NA	NA
BCE_4350	NA	NA
BCE_4351	NA	NA
BCE_4352	NA	NA
BCE_4353	1.6	271
BCE_4354	3.1	12
BCE_4355	7.5	1375
BCE_4356	2.4	66
BCE_4357	NA	7
BCE_4358	1.5	267
BCE_4359	NA	79
BCE_4360	0.7	46
BCE_4361	NA	38
BCE_4362	2.8	49
BCE_4363	NA	5
BCE_4364	2.8	134
BCE_4365	2.7	102
BCE_4366	2.8	345
BCE_4367	NA	NA
BCE_4368	2.3	205
BCE_4369	2.3	166
BCE_4370	1.7	111
BCE_4371	5.0	15
BCE_4372	6.0	443
BCE_4373	NA	272
BCE_4374	3.0	407
BCE_4375	NA	113
BCE_4376	4.2	192
BCE_4377	5.4	198
BCE_4378	3.7	107
BCE_4379	3.7	401
BCE_4380	3.8	282
BCE_4381	5.4	287
BCE_4382	NA	35
BCE_4383	1.8	105
BCE_4384	1.4	55
BCE_4385	1.8	108
BCE_4386	0.9	29
BCE_4387	NA	NA
BCE_4388	NA	NA
BCE_4389	13.9	10219
BCE_4390	11.5	11593
BCE_4391	2.7	249
BCE_4392	2.2	428
BCE_4393	3.4	342
BCE_4394	4.3	397
BCE_4395	4.6	969
BCE_4396	4.0	954
BCE_4397	1.2	507
BCE_4398	1.4	28
BCE_4399	2.2	33
BCE_4400	1.5	352
BCE_4401	NA	NA
BCE_4402	NA	NA
BCE_4403	6.5	2517
BCE_4404	1.4	32
BCE_4405	2.4	28
BCE_4406	NA	NA
BCE_4407	2.7	48
BCE_4408	2.4	7
BCE_4409	1.3	6
BCE_4410	4.0	920
BCE_4411	3.4	1027
BCE_4412	2.6	824
BCE_4413	3.3	693
BCE_4414	3.3	786
BCE_4415	2.3	745
BCE_4416	2.3	575
BCE_4417	1.6	562
BCE_4418	NA	262
BCE_4419	1.2	252
BCE_4420	NA	NA
BCE_4421	NA	NA
BCE_4422	1.7	114
BCE_4423	NA	NA
BCE_4424	NA	298
BCE_4425	1.4	35
BCE_4426	NA	NA
BCE_4427	4.6	5
BCE_4428	NA	NA
BCE_4429	2.9	8
BCE_4430	2.2	31
BCE_4431	5.0	366
BCE_4432	NA	NA
BCE_4433	NA	NA
BCE_4434	NA	20
BCE_4435	NA	26
BCE_4436	NA	NA
BCE_4437	NA	NA
BCE_4438	1.7	244
BCE_4439	3.6	9
BCE_4440	2.1	15
BCE_4441	3.7	19
BCE_4442	NA	15
BCE_4443	NA	14
BCE_4444	4.2	6
BCE_4445	3.6	5
BCE_4446	2.4	7
BCE_4447	2.1	521
BCE_4448	1.6	571
BCE_4449	1.5	332
BCE_4450	1.2	345
BCE_4451	1.7	54
BCE_4452	NA	NA
BCE_4453	NA	NA
BCE_4454	3.5	266
BCE_4455	3.3	268
BCE_4456	3.1	502
BCE_4457	3.4	424
BCE_4458	2.6	213
BCE_4459	1.9	540
BCE_4460	3.2	26
BCE_4461	5.0	547
BCE_4462	2.2	221
BCE_4463	2.0	516
BCE_4464	1.4	425
BCE_4465	1.4	568
BCE_4466	2.3	55
BCE_4467	2.4	137
BCE_4468	NA	777
BCE_4469	6.3	801
BCE_4470	6.2	607
BCE_4471	4.7	466
BCE_4472	NA	7
BCE_4473	NA	NA
BCE_4474	NA	8
BCE_4475	3.6	81
BCE_4476	3.2	139
BCE_4477	2.7	108
BCE_4478	3.2	153
BCE_4479	2.9	305
BCE_4480	3.4	280
BCE_4481	3.2	349
BCE_4482	1.7	19
BCE_4483	2.1	18
BCE_4484	2.0	463
BCE_4485	4.1	370
BCE_4486	3.6	657
BCE_4487	NA	19
BCE_4488	2.6	19
BCE_4489	NA	22
BCE_4490	2.6	272
BCE_4491	2.0	179
BCE_4492	1.8	572
BCE_4493	2.1	183
BCE_4494	NA	8
BCE_4495	5.1	30
BCE_4496	5.7	193
BCE_4497	0.8	107
BCE_4498	NA	NA
BCE_4499	NA	NA
BCE_4500	2.8	8
BCE_4501	5.3	553
BCE_4502	2.7	256
BCE_4503	1.6	237
BCE_4504	1.3	209
BCE_4505	1.5	170
BCE_4506	1.6	138
BCE_4507	1.7	10
BCE_4508	NA	NA
BCE_4509	NA	NA
BCE_4510	NA	7
BCE_4511	NA	NA
BCE_4512	NA	NA
BCE_4513	NA	NA
BCE_4514	NA	NA
BCE_4515	NA	NA
BCE_4516	NA	21
BCE_4517	1.2	81
BCE_4518	NA	NA
BCE_4519	NA	NA
BCE_4520	NA	NA
BCE_4521	NA	NA
BCE_4522	NA	38
BCE_4523	NA	6
BCE_4524	3.8	31
BCE_4525	3.0	11
BCE_4526	1.9	7
BCE_4527	2.1	11
BCE_4528	1.7	16
BCE_4529	NA	29
BCE_4530	1.6	16
BCE_4531	1.8	24
BCE_4532	3.6	403
BCE_4533	4.1	640
BCE_4534	6.4	4608
BCE_4535	8.1	9047
BCE_4536	NA	14651
BCE_4537	2.3	15
BCE_4538	NA	NA
BCE_4539	NA	NA
BCE_4540	1.9	292
BCE_4541	1.9	442
BCE_4542	1.5	302
BCE_4543	1.4	611
BCE_4544	1.5	482
BCE_4545	1.1	17
BCE_4546	2.1	36
BCE_4547	NA	NA
BCE_4548	3.2	43
BCE_4549	6.8	365
BCE_4550	NA	NA
BCE_4551	NA	NA
BCE_4552	4.4	155
BCE_4553	4.2	290
BCE_4554	2.7	183
BCE_4555	1.9	186
BCE_4556	1.3	104
BCE_4557	NA	132
BCE_4558	NA	38
BCE_4559	NA	46
BCE_4560	3.0	419
BCE_4561	2.7	300
BCE_4562	4.8	18
BCE_4563	5.2	1890
BCE_4564	4.2	2628
BCE_4565	1.5	111
BCE_4566	NA	NA
BCE_4567	NA	NA
BCE_4568	NA	NA
BCE_4569	NA	NA
BCE_4570	NA	17
BCE_4571	2.6	20
BCE_4572	NA	81
BCE_4573	NA	35
BCE_4574	2.9	246
BCE_4575	2.0	23
BCE_4576	NA	6
BCE_4577	1.8	16
BCE_4578	NA	15
BCE_4579	NA	23
BCE_4580	1.5	129
BCE_4581	NA	183
BCE_4582	NA	NA
BCE_4583	NA	300
BCE_4584	9.5	411
BCE_4585	8.7	374
BCE_4586	6.5	362
BCE_4587	NA	NA
BCE_4588	NA	NA
BCE_4589	1.1	59
BCE_4590	NA	NA
BCE_4591	2.3	6
BCE_4592	NA	18
BCE_4593	NA	NA
BCE_4594	NA	NA
BCE_4595	1.2	8
BCE_4596	2.1	23
BCE_4597	1.5	39
BCE_4598	NA	25
BCE_4599	NA	NA
BCE_4600	NA	7
BCE_4601	1.2	41
BCE_4602	NA	54
BCE_4603	1.8	29
BCE_4604	2.1	76
BCE_4605	1.7	55
BCE_4606	NA	NA
BCE_4607	NA	NA
BCE_4608	NA	NA
BCE_4609	NA	NA
BCE_4610	NA	NA
BCE_4611	NA	NA
BCE_4612	NA	NA
BCE_4613	NA	NA
BCE_4614	NA	NA
BCE_4615	NA	8
BCE_4616	2.0	44
BCE_4617	NA	NA
BCE_4618	NA	NA
BCE_4619	NA	NA
BCE_4620	2.1	20
BCE_4621	2.1	59
BCE_4622	1.8	358
BCE_4623	1.6	211
BCE_4624	1.1	84
BCE_4625	NA	NA
BCE_4626	NA	NA
BCE_4627	NA	NA
BCE_4628	NA	NA
BCE_4629	NA	NA
BCE_4630	4.7	12
BCE_4631	NA	8
BCE_4632	NA	8
BCE_4633	4.0	74
BCE_4634	2.4	118
BCE_4635	2.2	264
BCE_4636	2.0	326
BCE_4637	2.0	471
BCE_4638	3.7	933
BCE_4639	1.4	419
BCE_4640	1.4	238
BCE_4641	0.9	141
BCE_4642	2.1	10
BCE_4643	5.2	300
BCE_4644	6.2	780
BCE_4645	3.9	812
BCE_4646	2.9	247
BCE_4647	NA	36
BCE_4648	15+	1584
BCE_4649	3.4	12
BCE_4650	3.6	29
BCE_4651	1.8	19
BCE_4652	2.0	43
BCE_4653	NA	NA
BCE_4654	NA	NA
BCE_4655	4.5	7
BCE_4656	2.7	8
BCE_4657	NA	NA
BCE_4658	NA	NA
BCE_4659	NA	NA
BCE_4660	NA	NA
BCE_4661	NA	NA
BCE_4662	2.3	10
BCE_4663	1.9	472
BCE_4664	2.1	474
BCE_4665	1.8	65
BCE_4666	2.1	2795
BCE_4667	3.6	353
BCE_4668	3.1	373
BCE_4669	3.0	247
BCE_4670	2.3	279
BCE_4671	3.4	429
BCE_4672	4.1	1007
BCE_4673	1.6	27
BCE_4674	2.0	42
BCE_4675	1.7	27
BCE_4676	1.4	9
BCE_4677	1.9	194
BCE_4678	1.6	132
BCE_4679	1.5	139
BCE_4680	1.3	163
BCE_4681	1.3	135
BCE_4682	4.2	26
BCE_4683	NA	NA
BCE_4684	3.5	22
BCE_4685	3.6	275
BCE_4686	5.4	311
BCE_4687	5.5	474
BCE_4688	1.2	82
BCE_4689	NA	NA
BCE_4690	1.1	21
BCE_4691	NA	NA
BCE_4692	1.8	41
BCE_4693	2.1	13
BCE_4694	1.4	29
BCE_4695	NA	NA
BCE_4696	NA	NA
BCE_4697	NA	NA
BCE_4698	NA	5
BCE_4699	2.5	37
BCE_4700	2.3	39
BCE_4701	1.5	33
BCE_4702	6.6	126
BCE_4703	2.0	93
BCE_4704	NA	1817
BCE_4705	4.3	6975
BCE_4706	5.5	4809
BCE_4707	3.8	282
BCE_4708	NA	NA
BCE_4709	1.4	57
BCE_4710	1.6	56
BCE_4711	1.6	73
BCE_4712	3.1	796
BCE_4713	NA	9
BCE_4714	3.5	370
BCE_4715	3.8	42
BCE_4716	3.1	68
BCE_4717	2.8	112
BCE_4718	2.3	161
BCE_4719	1.5	38
BCE_4720	1.5	31
BCE_4721	NA	6
BCE_4722	5.0	26
BCE_4723	9.5	473
BCE_4724	6.7	650
BCE_4725	3.2	264
BCE_4726	2.7	29
BCE_4727	0.8	21
BCE_4728	3.3	54
BCE_4729	8.4	843
BCE_4730	6.0	1498
BCE_4731	5.7	366
BCE_4732	5.3	707
BCE_4733	3.9	954
BCE_4734	4.3	1359
BCE_4735	3.3	55
BCE_4736	NA	NA
BCE_4737	NA	NA
BCE_4738	3.8	63
BCE_4739	NA	96
BCE_4740	NA	NA
BCE_4741	2.4	21
BCE_4742	2.0	6
BCE_4743	NA	6
BCE_4744	1.7	77
BCE_4745	NA	NA
BCE_4746	NA	NA
BCE_4747	6.3	53
BCE_4748	8.7	258
BCE_4749	NA	NA
BCE_4750	NA	NA
BCE_4751	NA	NA
BCE_4752	NA	NA
BCE_4753	NA	NA
BCE_4754	NA	6
BCE_4755	NA	8
BCE_4756	4.9	9
BCE_4757	NA	NA
BCE_4758	8.2	222
BCE_4759	1.6	28
BCE_4760	NA	39
BCE_4761	2.1	7
BCE_4762	3.5	7
BCE_4763	1.0	41
BCE_4764	4.2	8
BCE_4765	3.6	13
BCE_4766	1.5	17
BCE_4767	NA	6
BCE_4768	NA	NA
BCE_4769	2.2	122
BCE_4770	1.4	65
BCE_4771	NA	NA
BCE_4772	NA	6
BCE_4773	5.3	1762
BCE_4774	2.6	158
BCE_4775	NA	731
BCE_4776	NA	6
BCE_4777	NA	NA
BCE_4778	NA	NA
BCE_4779	4.9	15
BCE_4780	3.0	95
BCE_4781	NA	NA
BCE_4782	NA	NA
BCE_4783	3.2	188
BCE_4784	1.8	159
BCE_4785	1.3	216
BCE_4786	NA	119
BCE_4787	NA	NA
BCE_4788	NA	NA
BCE_4789	NA	NA
BCE_4790	4.4	108
BCE_4791	NA	NA
BCE_4792	NA	NA
BCE_4793	4.7	1950
BCE_4794	NA	11
BCE_4795	1.1	14
BCE_4796	3.4	229
BCE_4797	3.0	30
BCE_4798	2.8	14
BCE_4799	2.0	9
BCE_4800	NA	NA
BCE_4801	NA	NA
BCE_4802	NA	14
BCE_4803	1.8	13
BCE_4804	2.5	8
BCE_4805	NA	NA
BCE_4806	NA	NA
BCE_4807	NA	31
BCE_4808	NA	148
BCE_4809	NA	NA
BCE_4810	NA	NA
BCE_4811	NA	NA
BCE_4812	NA	7
BCE_4813	1.7	250
BCE_4814	NA	67
BCE_4815	0.9	57
BCE_4816	NA	119
BCE_4817	3.3	117
BCE_4818	3.2	138
BCE_4819	NA	6
BCE_4820	12.0	99
BCE_4821	NA	NA
BCE_4822	NA	NA
BCE_4823	NA	NA
BCE_4824	4.0	10
BCE_4825	4.0	7
BCE_4826	NA	NA
BCE_4827	NA	8
BCE_4828	1.9	9
BCE_4829	1.6	9
BCE_4830	1.6	373
BCE_4831	1.9	128
BCE_4832	1.7	165
BCE_4833	NA	17
BCE_4834	4.0	471
BCE_4835	3.7	188
BCE_4836	3.1	191
BCE_4837	3.8	31
BCE_4838	6.3	139
BCE_4839	NA	186
BCE_4840	3.5	16
BCE_4841	1.5	232
BCE_4842	1.8	321
BCE_4843	1.8	148
BCE_4844	3.3	6
BCE_4845	NA	6
BCE_4846	3.5	55
BCE_4847	2.1	171
BCE_4848	1.6	191
BCE_4849	1.4	153
BCE_4850	1.8	66
BCE_4851	2.1	69
BCE_4852	4.4	69
BCE_4853	3.6	87
BCE_4854	NA	NA
BCE_4855	NA	NA
BCE_4856	NA	NA
BCE_4857	1.8	164
BCE_4858	NA	NA
BCE_4859	NA	NA
BCE_4860	NA	NA
BCE_4861	3.0	20
BCE_4862	2.3	47
BCE_4863	3.4	38
BCE_4864	2.9	49
BCE_4865	4.9	98
BCE_4866	2.9	42
BCE_4867	2.0	25
BCE_4868	NA	NA
BCE_4869	NA	NA
BCE_4870	NA	NA
BCE_4871	4.1	187
BCE_4872	NA	23
BCE_4873	NA	NA
BCE_4874	NA	NA
BCE_4875	NA	NA
BCE_4876	NA	NA
BCE_4877	2.1	57
BCE_4878	1.8	82
BCE_4879	5.3	388
BCE_4880	NA	NA
BCE_4881	NA	NA
BCE_4882	6.3	300
BCE_4883	2.3	24
BCE_4884	1.6	11
BCE_4885	1.4	62
BCE_4886	1.0	49
BCE_4887	4.4	6
BCE_4888	4.0	11
BCE_4889	NA	NA
BCE_4890	NA	NA
BCE_4891	NA	NA
BCE_4892	2.1	32
BCE_4893	1.5	99
BCE_4894	2.1	11
BCE_4895	1.8	17
BCE_4896	NA	6
BCE_4897	NA	11
BCE_4898	NA	NA
BCE_4899	NA	NA
BCE_4900	NA	NA
BCE_4901	1.5	271
BCE_4902	2.2	24
BCE_4903	1.4	57
BCE_4904	1.5	11
BCE_4905	7.5	41
BCE_4906	NA	NA
BCE_4907	NA	NA
BCE_4908	2.7	36
BCE_4909	1.8	45
BCE_4910	NA	13
BCE_4911	NA	13
BCE_4912	NA	23
BCE_4913	NA	25
BCE_4914	3.4	729
BCE_4915	NA	225
BCE_4916	1.3	267
BCE_4917	NA	16
BCE_4918	NA	22
BCE_4919	NA	NA
BCE_4920	NA	8
BCE_4921	3.5	41
BCE_4922	NA	NA
BCE_4923	2.4	NA
BCE_4924	NA	NA
BCE_4925	NA	NA
BCE_4926	1.4	37
BCE_4927	1.2	53
BCE_4928	NA	25
BCE_4929	1.0	6
BCE_4930	1.4	44
BCE_4931	2.7	66
BCE_4932	2.6	307
BCE_4933	NA	NA
BCE_4934	2.4	12
BCE_4935	NA	NA
BCE_4936	NA	NA
BCE_4937	NA	NA
BCE_4938	NA	NA
BCE_4939	NA	14
BCE_4940	1.9	10
BCE_4941	NA	NA
BCE_4942	3.1	157
BCE_4943	NA	NA
BCE_4944	NA	NA
BCE_4945	NA	12
BCE_4946	3.7	297
BCE_4947	NA	13
BCE_4948	4.6	121
BCE_4949	NA	45
BCE_4950	NA	46
BCE_4951	NA	NA
BCE_4952	2.0	290
BCE_4953	NA	NA
BCE_4954	2.2	138
BCE_4955	2.1	176
BCE_4956	2.1	293
BCE_4957	1.8	36
BCE_4958	2.7	64
BCE_4959	1.6	52
BCE_4960	1.4	42
BCE_4961	2.1	97
BCE_4962	NA	NA
BCE_4963	2.2	17
BCE_4964	2.0	398
BCE_4965	1.5	146
BCE_4966	1.3	176
BCE_4967	1.4	33
BCE_4968	1.6	8
BCE_4969	NA	NA
BCE_4970	NA	NA
BCE_4971	NA	NA
BCE_4972	1.7	17
BCE_4973	NA	166
BCE_4974	1.7	47
BCE_4975	5.6	133
BCE_4976	5.3	141
BCE_4977	NA	43
BCE_4978	0.9	54
BCE_4979	1.2	172
BCE_4980	1.2	132
BCE_4981	1.5	31
BCE_4982	NA	NA
BCE_4983	NA	NA
BCE_4984	1.0	9
BCE_4985	NA	8
BCE_4986	NA	NA
BCE_4987	NA	26
BCE_4988	NA	24
BCE_4989	2.8	55
BCE_4990	2.8	77
BCE_4991	2.0	27
BCE_4992	2.3	20
BCE_4993	2.8	32
BCE_4994	2.2	31
BCE_4995	NA	NA
BCE_4996	NA	22
BCE_4997	1.1	18
BCE_4998	1.8	6
BCE_4999	2.4	68
BCE_5000	2.2	39
BCE_5001	2.2	40
BCE_5002	2.1	49
BCE_5003	1.8	35
BCE_5004	NA	NA
BCE_5005	NA	NA
BCE_5006	NA	NA
BCE_5007	NA	NA
BCE_5008	1.7	6
BCE_5009	1.5	14
BCE_5010	1.4	14
BCE_5011	1.4	38
BCE_5012	1.4	19
BCE_5013	9.8	594
BCE_5014	4.4	298
BCE_5015	1.6	150
BCE_5016	1.4	98
BCE_5017	1.7	74
BCE_5018	NA	NA
BCE_5019	4.2	5893
BCE_5020	NA	72
BCE_5021	2.1	10
BCE_5022	NA	NA
BCE_5023	NA	14
BCE_5024	4.3	9
BCE_5025	NA	NA
BCE_5026	NA	5
BCE_5027	NA	NA
BCE_5028	NA	NA
BCE_5029	NA	NA
BCE_5030	NA	NA
BCE_5031	NA	NA
BCE_5032	2.2	30
BCE_5033	NA	699
BCE_5034	NA	NA
BCE_5035	NA	NA
BCE_5036	NA	NA
BCE_5037	NA	462
BCE_5038	NA	NA
BCE_5039	2.4	482
BCE_5040	3.3	40
BCE_5041	2.4	44
BCE_5042	7.6	48
BCE_5043	NA	NA
BCE_5044	NA	28
BCE_5045	2.8	48
BCE_5046	NA	NA
BCE_5047	NA	NA
BCE_5048	15+	78
BCE_5049	NA	NA
BCE_5050	4.5	285
BCE_5051	NA	NA
BCE_5052	4.0	28
BCE_5053	10.5	256
BCE_5054	2.6	32
BCE_5055	1.6	18
BCE_5056	NA	10
BCE_5057	4.0	302
BCE_5058	5.1	303
BCE_5059	NA	NA
BCE_5060	5.2	48
BCE_5061	NA	NA
BCE_5062	2.8	7
BCE_5063	NA	9
BCE_5064	1.2	117
BCE_5065	6.2	28
BCE_5066	5.2	76
BCE_5067	1.8	21
BCE_5068	NA	NA
BCE_5069	3.5	41
BCE_5070	3.5	22
BCE_5071	3.8	20
BCE_5072	NA	58
BCE_5073	3.3	215
BCE_5074	1.6	73
BCE_5075	NA	19
BCE_5076	2.9	36
BCE_5077	NA	NA
BCE_5078	1.6	31
BCE_5079	NA	28
BCE_5080	5.1	247
BCE_5081	NA	NA
BCE_5082	NA	15
BCE_5083	NA	NA
BCE_5084	NA	7
BCE_5085	NA	119
BCE_5086	NA	1264
BCE_5087	3.2	31
BCE_5088	3.6	48
BCE_5089	3.2	61
BCE_5090	3.7	8
BCE_5091	2.4	9
BCE_5092	NA	NA
BCE_5093	1.0	9
BCE_5094	NA	8
BCE_5095	NA	34
BCE_5096	4.8	136
BCE_5097	3.1	85
BCE_5098	2.6	210
BCE_5099	6.6	405
BCE_5100	4.9	394
BCE_5101	NA	NA
BCE_5102	1.9	137
BCE_5103	NA	6
BCE_5104	NA	17
BCE_5105	2.0	83
BCE_5106	NA	NA
BCE_5107	NA	NA
BCE_5108	2.4	6
BCE_5109	6.2	541
BCE_5110	NA	NA
BCE_5111	1.8	9
BCE_5112	2.8	8
BCE_5113	1.3	32
BCE_5114	2.3	12
BCE_5115	NA	12
BCE_5116	8.5	934
BCE_5117	8.4	2676
BCE_5118	5.9	1983
BCE_5119	5.5	2071
BCE_5120	5.0	1673
BCE_5121	2.9	68
BCE_5122	NA	NA
BCE_5123	NA	NA
BCE_5124	NA	NA
BCE_5125	NA	NA
BCE_5126	NA	NA
BCE_5127	NA	17
BCE_5128	NA	28
BCE_5129	NA	17
BCE_5130	NA	1773
BCE_5131	NA	644
BCE_5132	NA	NA
BCE_5133	1.6	23
BCE_5134	NA	NA
BCE_5135	NA	NA
BCE_5136	2.5	25
BCE_5137	NA	NA
BCE_5138	NA	34
BCE_5139	2.5	12
BCE_5140	NA	14
BCE_5141	3.8	9
BCE_5142	NA	NA
BCE_5143	NA	NA
BCE_5144	NA	NA
BCE_5145	NA	NA
BCE_5146	NA	NA
BCE_5147	1.5	35
BCE_5148	4.0	32
BCE_5149	4.9	38
BCE_5150	NA	100
BCE_5151	1.7	24
BCE_5152	1.6	31
BCE_5153	NA	NA
BCE_5154	NA	NA
BCE_5155	NA	NA
BCE_5156	NA	25
BCE_5157	2.7	34
BCE_5158	NA	NA
BCE_5159	2.3	7
BCE_5160	NA	NA
BCE_5161	NA	38
BCE_5162	NA	31
BCE_5163	2.6	120
BCE_5164	1.8	13
BCE_5165	1.8	24
BCE_5166	2.5	24
BCE_5167	1.4	61
BCE_5168	1.7	56
BCE_5169	NA	170
BCE_5170	2.2	32
BCE_5171	NA	19
BCE_5172	0.8	67
BCE_5173	1.1	150
BCE_5174	1.3	182
BCE_5175	3.6	10
BCE_5176	NA	23
BCE_5177	NA	6
BCE_5178	2.0	34
BCE_5179	NA	43419
BCE_5180	1.5	21
BCE_5181	3.1	132
BCE_5182	6.7	217
BCE_5183	NA	NA
BCE_5184	2.0	11
BCE_5185	2.5	6
BCE_5186	NA	NA
BCE_5187	NA	NA
BCE_5188	2.3	14
BCE_5189	NA	5
BCE_5190	1.5	82
BCE_5191	4.0	176
BCE_5192	4.1	12
BCE_5193	NA	NA
BCE_5194	3.1	113
BCE_5195	NA	132
BCE_5196	5.8	516
BCE_5197	0.9	98
BCE_5198	1.3	661
BCE_5199	0.6	32
BCE_5200	2.5	527
BCE_5201	1.7	69
BCE_5202	NA	NA
BCE_5203	1.9	20
BCE_5204	NA	21
BCE_5205	NA	NA
BCE_5206	2.0	35
BCE_5207	1.6	18
BCE_5208	2.1	82
BCE_5209	5.7	3089
BCE_5210	6.0	1241
BCE_5211	2.5	59
BCE_5212	NA	150
BCE_5213	1.6	244
BCE_5214	2.2	73
BCE_5215	2.1	86
BCE_5216	NA	6
BCE_5217	NA	8
BCE_5218	2.3	70
BCE_5219	NA	26
BCE_5220	0.8	22
BCE_5221	NA	37
BCE_5222	NA	NA
BCE_5223	2.1	629
BCE_5224	1.9	290
BCE_5225	1.6	590
BCE_5226	1.7	1319
BCE_5227	NA	11
BCE_5228	NA	NA
BCE_5229	NA	8
BCE_5230	2.4	88
BCE_5231	1.9	105
BCE_5232	3.0	170
BCE_5233	1.3	170
BCE_5234	1.6	819
BCE_5235	1.7	97
BCE_5236	1.3	27
BCE_5237	NA	NA
BCE_5238	7.3	813
BCE_5239	NA	1097
BCE_5240	NA	1478
BCE_5241	15+	1502
BCE_5242	4.3	1106
BCE_5243	2.6	640
BCE_5244	NA	19
BCE_5245	2.3	100
BCE_5246	NA	NA
BCE_5247	NA	NA
BCE_5248	NA	NA
BCE_5249	NA	NA
BCE_5250	NA	NA
BCE_5251	NA	NA
BCE_5252	NA	NA
BCE_5253	NA	NA
BCE_5254	5.6	509
BCE_5255	NA	37
BCE_5256	3.2	389
BCE_5257	3.7	286
BCE_5258	2.6	286
BCE_5259	2.9	333
BCE_5260	2.4	270
BCE_5261	1.2	178
BCE_5262	2.7	234
BCE_5263	2.3	85
BCE_5264	2.1	34
BCE_5265	1.9	41
BCE_5266	2.2	252
BCE_5267	1.5	119
BCE_5268	1.5	55
BCE_5269	1.3	11
BCE_5270	2.6	21
BCE_5271	2.4	91
BCE_5272	2.5	46
BCE_5273	NA	NA
BCE_5274	0.9	12
BCE_5275	0.9	11
BCE_5276	1.7	17
BCE_5277	1.5	22
BCE_5278	1.3	13
BCE_5279	NA	NA
BCE_5280	NA	14
BCE_5281	NA	21
BCE_5282	NA	19
BCE_5283	NA	17
BCE_5284	3.1	154
BCE_5285	2.9	250
BCE_5286	1.6	54
BCE_5287	1.4	22
BCE_5288	3.4	172
BCE_5289	1.7	330
BCE_5290	1.7	392
BCE_5291	4.5	177
BCE_5292	1.7	95
BCE_5293	2.3	237
BCE_5295	1.3	374
BCE_5296	3.1	315
BCE_5297	3.6	95
BCE_5298	3.8	174
BCE_5299	NA	NA
BCE_5300	NA	NA
BCE_5301	1.4	293
BCE_5302	3.1	167
BCE_5303	NA	94
BCE_5304	1.2	183
BCE_5305	0.6	77
BCE_5306	1.7	224
BCE_5307	3.6	365
BCE_5308	2.0	9
BCE_5309	NA	NA
BCE_5310	NA	NA
BCE_5311	1.1	315
BCE_5312	NA	NA
BCE_5313	1.7	34
BCE_5314	2.1	14
BCE_5315	NA	NA
BCE_5316	NA	NA
BCE_5317	NA	NA
BCE_5318	NA	NA
BCE_5319	NA	NA
BCE_5320	NA	NA
BCE_5321	NA	NA
BCE_5322	NA	12
BCE_5323	2.0	8
BCE_5324	2.1	94
BCE_5325	2.3	34
BCE_5326	NA	NA
BCE_5327	2.6	62
BCE_5328	NA	NA
BCE_5329	2.1	228
BCE_5330	NA	NA
BCE_5331	NA	NA
BCE_5332	NA	NA
BCE_5333	NA	NA
BCE_5334	3.2	8
BCE_5335	NA	13
BCE_5336	2.1	56
BCE_5337	4.2	41
BCE_5338	NA	NA
BCE_5339	NA	NA
BCE_5340	NA	NA
BCE_5341	4.1	8
BCE_5342	2.6	164
BCE_5343	NA	NA
BCE_5344	NA	NA
BCE_5345	2.7	81
BCE_5346	2.6	163
BCE_5347	2.0	8
BCE_5348	1.6	380
BCE_5349	NA	10
BCE_5350	NA	9
BCE_5351	NA	NA
BCE_5352	NA	35
BCE_5353	10.1	220
BCE_5354	2.6	420
BCE_5355	1.6	117
BCE_5356	1.7	152
BCE_5357	1.6	9948
BCE_5358	1.6	121
BCE_5359	NA	32
BCE_5360	1.6	51
BCE_5361	NA	62
BCE_5362	NA	108
BCE_5363	2.0	51
BCE_5364	2.4	68
BCE_5365	1.8	105
BCE_5366	NA	NA
BCE_5367	NA	NA
BCE_5368	3.9	190
BCE_5369	NA	NA
BCE_5370	NA	NA
BCE_5371	7.2	74
BCE_5372	4.5	67
BCE_5373	4.2	83
BCE_5374	5.6	85
BCE_5375	3.4	16
BCE_5376	2.7	31
BCE_5377	2.0	32
BCE_5378	2.1	39
BCE_5379	3.2	73
BCE_5380	4.5	230
BCE_5381	NA	41
BCE_5382	4.4	191
BCE_5383	4.0	258
BCE_5384	3.3	264
BCE_5385	3.6	337
BCE_5386	2.2	166
BCE_5387	2.2	78
BCE_5388	1.4	178
BCE_5389	1.6	141
BCE_5390	1.5	272
BCE_5391	1.4	304
BCE_5392	1.4	263
BCE_5393	1.3	203
BCE_5394	1.1	183
BCE_5395	1.3	162
BCE_5396	1.3	178
BCE_5397	1.7	225
BCE_5398	1.6	449
BCE_5399	1.6	279
BCE_5400	NA	16
BCE_5401	6.1	182
BCE_5402	2.1	19
BCE_5403	NA	NA
BCE_5404	2.9	506
BCE_5405	NA	NA
BCE_5406	1.8	8
BCE_5407	NA	NA
BCE_5408	NA	5
BCE_5409	NA	NA
BCE_5410	NA	NA
BCE_5411	1.4	6
BCE_5412	1.8	436
BCE_5413	1.7	539
BCE_5414	2.1	326
BCE_5415	2.6	7
BCE_5416	NA	NA
BCE_5417	NA	NA
BCE_5418	NA	NA
BCE_5419	NA	NA
BCE_5420	NA	NA
BCE_5421	NA	NA
BCE_5422	NA	NA
BCE_5423	NA	NA
BCE_5424	NA	NA
BCE_5425	NA	NA
BCE_5426	NA	NA
BCE_5427	3.8	54
BCE_5428	5.5	39
BCE_5429	9.0	1369
BCE_5430	8.6	2092
BCE_5431	8.0	3065
BCE_5432	7.3	2956
BCE_5433	5.8	3529
BCE_5434	5.1	3140
BCE_5435	5.3	3514
BCE_5436	6.0	1925
BCE_5437	NA	698
BCE_5438	2.3	368
BCE_5439	2.3	508
BCE_5440	5.7	1106
BCE_5441	9.8	207
BCE_5442	5.5	641
BCE_5443	5.1	250
BCE_5444	NA	63
BCE_5445	4.5	130
BCE_5446	NA	NA
BCE_5447	3.0	21
BCE_5448	2.6	81
BCE_5449	2.0	61
BCE_5450	1.7	83
BCE_5451	NA	39
BCE_5452	2.4	65
BCE_5453	0.9	29
BCE_5454	NA	NA
BCE_5455	3.9	87
BCE_5456	3.8	607
BCE_5457	3.9	344
BCE_5458	NA	10708
BCE_5459	8.0	10
BCE_5460	4.7	394
BCE_5461	4.9	134
BCE_5462	5.3	552
BCE_5463	4.8	1063
BCE_5464	4.2	1324
BCE_5465	NA	2318
BCE_5466	3.2	45
BCE_5467	3.6	81
BCE_5468	4.2	610
BCE_5469	NA	1026
BCE_5470	4.6	1281
BCE_5471	NA	NA
BCE_5472	NA	NA
BCE_5473	NA	NA
BCE_5474	NA	NA
BCE_5475	NA	NA
BCE_5476	NA	NA
BCE_5477	NA	NA
BCE_5478	0.6	49
BCE_5479	NA	21
BCE_5480	NA	5536
BCE_5481	2.2	59
BCE_5482	NA	18
BCE_5483	2.8	11
BCE_5484	NA	NA
BCE_5485	NA	NA
BCE_5486	3.5	262
BCE_5487	2.4	395
BCE_5488	NA	NA
BCE_5489	6.8	42
BCE_5490	NA	6
BCE_5491	NA	NA
BCE_5492	NA	9
BCE_5493	2.0	339
BCE_5494	1.4	457
BCE_5495	NA	NA
BCE_5496	NA	NA
BCE_5497	3.5	57
BCE_5498	8.5	213
BCE_5499	6.9	221
BCE_5500	5.1	364
BCE_5501	6.7	13
BCE_5502	NA	32
BCE_5503	2.5	24
BCE_5504	1.8	6
BCE_5505	2.5	199
BCE_5506	2.6	111
BCE_5507	NA	344
BCE_5508	2.8	98
BCE_5509	5.6	1068
BCE_5510	1.8	378
BCE_5511	1.6	365
BCE_5512	1.6	226
BCE_5513	1.0	150
BCE_5514	3.5	7
BCE_5515	2.2	178
BCE_5516	6.5	1132
BCE_5517	NA	216
BCE_5518	3.6	83
BCE_5519	4.9	12
BCE_5520	2.8	8
BCE_5521	2.7	53
BCE_5522	NA	79
BCE_5523	NA	47
BCE_5524	3.8	63
BCE_5525	3.1	126
BCE_5526	1.5	484
BCE_5527	1.4	78
BCE_5528	2.3	31
BCE_5529	1.5	17
BCE_5530	1.1	24
BCE_5531	1.5	7
BCE_5532	2.1	10
BCE_5533	NA	NA
BCE_5534	NA	NA
BCE_5535	NA	NA
BCE_5536	NA	18
BCE_5537	3.1	10
BCE_5538	NA	NA
BCE_5539	1.6	495
BCE_5540	1.1	36
BCE_5541	1.1	20
BCE_5542	4.3	228
BCE_5543	0.7	18
BCE_5544	4.1	9
BCE_5545	2.7	8
BCE_5546	NA	NA
BCE_5547	3.5	8
BCE_5548	1.9	177
BCE_5549	1.9	120
BCE_5550	1.4	273
BCE_5551	1.4	103
BCE_5552	1.6	63
BCE_5553	NA	41
BCE_5554	1.7	74
BCE_5555	1.5	716
BCE_5556	NA	NA
BCE_5557	NA	69
BCE_5558	NA	331
BCE_5559	NA	NA
BCE_5560	0.6	37
BCE_5561	1.9	143
BCE_5562	NA	40
BCE_5563	NA	NA
BCE_5564	3.0	181
BCE_5565	1.2	132
BCE_5566	1.2	264
BCE_5567	0.7	22
BCE_5568	4.3	61
BCE_5569	5.8	53
BCE_5570	1.1	108
BCE_5571	NA	NA
BCE_5572	NA	NA
BCE_5573	1.3	39
BCE_5574	1.6	21
BCE_5575	NA	14
BCE_5576	NA	9
BCE_5577	NA	NA
BCE_5578	NA	37
BCE_5579	10.9	29
BCE_5580	NA	25
BCE_5581	NA	10
BCE_5582	0.7	28
BCE_5583	NA	12
BCE_5584	1.9	26
BCE_5585	1.6	34
BCE_5586	1.5	40
BCE_5587	1.9	31
BCE_5588	2.2	197
BCE_5589	NA	39
BCE_5590	NA	27
BCE_5591	NA	26
BCE_5592	1.6	52
BCE_5593	NA	NA
BCE_5594	1.7	46
BCE_5595	NA	30
BCE_5596	2.1	12
BCE_5597	NA	98
BCE_5598	3.1	7
BCE_5599	NA	6
BCE_5600	NA	NA
BCE_5601	NA	NA
BCE_5602	1.9	16
BCE_5603	1.1	16
BCE_5604	1.8	20
BCE_5605	2.5	77
BCE_5606	2.3	110
BCE_5607	2.0	114
BCE_5608	2.5	100
BCE_5609	2.4	186
BCE_5610	2.0	179
BCE_5611	1.9	176
BCE_5612	1.7	196
BCE_5613	1.8	160
BCE_5614	1.9	187
BCE_5615	2.0	209
BCE_5616	NA	1874
BCE_5617	3.8	904
BCE_5618	2.9	422
BCE_5619	3.5	471
BCE_5620	2.4	609
BCE_5621	2.3	512
BCE_5622	1.8	106
BCE_5623	*	7602
BCE_5624	4.8	10863
BCE_5625	4.4	9238
BCE_5626	3.4	282
BCE_5627	2.8	260
BCE_5628	1.3	162
BCE_5629	NA	NA
BCE_5630	3.5	170
BCE_5631	2.6	166
BCE_5632	2.6	360
BCE_5633	2.5	434
BCE_5634	2.1	487
BCE_5635	2.1	376
BCE_5636	2.6	639
BCE_5637	2.5	1134
BCE_5638	2.2	653
BCE_5639	2.3	2987
BCE_5640	NA	NA
BCE_5641	NA	NA
BCE_5642	1.8	4881
BCE_5643	NA	NA
BCE_5644	NA	NA
BCE_5645	NA	77
BCE_5646	NA	72
BCE_5647	NA	418
BCE_5648	NA	434
BCE_5649	NA	318
BCE_5650	NA	288
BCE_5651	NA	1077
BCE_5652	NA	174
BCE_5653	NA	146
BCE_5654	1.8	170
BCE_5655	2.1	81
BCE_5656	NA	12
BCE_5657	1.0	56
BCE_5658	1.0	62
BCE_5659	NA	26
BCE_5660	NA	26
BCE_5661	NA	22
BCE_5662	NA	129
BCE_5663	NA	128
BCE_5664	1.5	82
BCE_5665	NA	231
BCE_5666	NA	278
BCE_5667	NA	794
BCE_5668	NA	18
BCE_5669	NA	NA
BCE_5670	NA	NA
BCE_5671	1.6	546
BCE_5672	1.6	831
BCE_5673	NA	465
BCE_5674	NA	220
BCE_5675	NA	222
BCE_5676	NA	139
BCE_5677	1.5	236
BCE_5678	NA	662
BCE_5679	NA	798
BCE_5680	NA	759
BCE_5681	NA	568
BCE_5682	0.7	256
BCE_5683	1.4	1111
BCE_5684	NA	1059
BCE_5685	1.3	2174
BCE_5686	NA	22
BCE_5687	NA	576
BCE_5688	NA	262
BCE_5689	NA	296
BCE_5690	NA	1056
BCE_5691	NA	1275
BCE_5692	NA	180
BCE_5693	NA	NA
BCE_5694	NA	38
BCE_5695	NA	102
BCE_5696	NA	329
BCE_5697	NA	538
BCE_5698	1.1	212
BCE_5699	1.5	249
BCE_5700	NA	78
BCE_5701	NA	135
BCE_5702	0.9	324
BCE_5703	NA	232
BCE_5704	NA	129
BCE_5705	NA	101
BCE_5706	NA	69
BCE_5707	NA	NA
BCE_5708	NA	79
BCE_5709	NA	NA
BCE_5710	1.3	170
BCE_5711	0.6	640
BCE_5712	0.9	677
BCE_5713	2.2	248
BCE_5714	2.7	216
BCE_5715	NA	288
BCE_5716	NA	381
BCE_5717	NA	382
BCE_5718	NA	127
BCE_5719	NA	360
BCE_5720	1.5	504
BCE_5721	0.7	482
BCE_5722	1.1	1323
BCE_5723	NA	783
BCE_5724	NA	245
BCE_5725	NA	135
BCE_5726	NA	144
BCE_5727	NA	7
BCE_5728	NA	176
BCE_5729	NA	923
BCE_5730	NA	1215
BCE_5731	NA	607
BCE_5732	1.8	560
BCE_5733	NA	NA
BCE_5734	NA	11
BCE_5735	NA	NA
BCE_5736	NA	13
BCE_5737	NA	15
BCE_5738	NA	47
BCE_5739	NA	NA
BCE_5740	NA	NA
BCE_5741	NA	NA
BCE_5742	NA	NA
BCE_5743	NA	NA
BCE_5744	NA	NA
BCE_5745	2.7	297
BCE_5746	NA	76
BCE_5747	NA	9
BCE_5748	NA	NA
BCE_5749	NA	1200
BCE_5750	NA	NA
BCE_5751	NA	NA
BCE_5752	NA	618
BCE_5753	NA	NA
BCE_5754	NA	NA
BCE_5755	NA	NA
BCE_5756	NA	2623
BCE_5757	NA	NA
BCE_5758	NA	NA
BCE_5759	NA	NA
BCE_5760	NA	112
BCE_5761	NA	216
BCE_5762	NA	NA
BCE_5763	NA	NA
BCE_5764	NA	NA
BCE_5765	NA	662
BCE_5766	NA	3050
BCE_5767	1.4	727
BCE_5768	NA	6
BCE_5769	NA	1674
BCE_5770	NA	484
BCE_5771	1.7	676
BCE_5772	NA	NA
BCE_5773	NA	NA
BCE_A0001	NA	NA
BCE_A0002	NA	NA
BCE_A0003	NA	NA
BCE_A0004	NA	NA
BCE_A0005	NA	NA
BCE_A0006	NA	NA
BCE_A0007	NA	NA
BCE_A0008	0.8	6
BCE_A0009	NA	NA
BCE_A0010	NA	13
BCE_A0011	NA	23
BCE_A0012	3.4	30
BCE_A0013	NA	29
BCE_A0014	1.7	11
BCE_A0015	NA	NA
BCE_A0016	1.9	38
BCE_A0017	2.0	10
BCE_A0018	NA	8
BCE_A0019	NA	19
BCE_A0020	2.0	12
BCE_A0021	NA	7
BCE_A0022	3.0	71
BCE_A0023	2.6	49
BCE_A0024	5.3	11
BCE_A0025	4.1	10
BCE_A0026	2.9	9
BCE_A0027	NA	9
BCE_A0028	5.2	167
BCE_A0029	NA	NA
BCE_A0030	3.6	11
BCE_A0031	3.3	20
BCE_A0032	NA	38
BCE_A0033	7.2	38
BCE_A0034	9.2	167
BCE_A0035	10.9	218
BCE_A0036	NA	42
BCE_A0037	NA	28
BCE_A0038	NA	36
BCE_A0039	NA	20
BCE_A0040	3.9	24
BCE_A0041	2.3	11
BCE_A0042	NA	NA
BCE_A0043	NA	NA
BCE_A0044	NA	NA
BCE_A0045	NA	NA
BCE_A0046	4.3	21
BCE_A0047	5.0	20
BCE_A0048	5.9	38
BCE_A0049	NA	21
BCE_A0050	3.6	12
BCE_A0051	3.2	19
BCE_A0052	3.2	20
BCE_A0053	1.5	20
BCE_A0054	2.3	25
BCE_A0055	NA	15
BCE_A0056	NA	NA
BCE_A0057	NA	NA
BCE_A0058	NA	NA
BCE_A0059	2.0	7
BCE_A0060	3.9	249
BCE_A0061	2.4	18
BCE_A0062	1.9	17
BCE_A0063	1.9	13
BCE_A0064	NA	8
BCE_A0065	NA	17
BCE_A0066	NA	NA
BCE_A0067	NA	NA
BCE_A0068	4.5	211
BCE_A0069	3.6	75
BCE_A0070	3.9	95
BCE_A0071	1.0	19
BCE_A0072	2.6	19
BCE_A0073	3.1	7
BCE_A0074	NA	NA
BCE_A0075	NA	NA
BCE_A0076	NA	NA
BCE_A0077	2.8	34
BCE_A0078	2.3	22
BCE_A0079	NA	359
BCE_A0080	6.1	627
BCE_A0081	3.6	23
BCE_A0082	NA	18
BCE_A0083	NA	27
BCE_A0084	NA	17
BCE_A0085	6.8	47
BCE_A0086	15+	25
BCE_A0087	6.4	107
BCE_A0088	NA	109
BCE_A0089	NA	79
BCE_A0090	9.0	33
BCE_A0091	15+	51
BCE_A0092	5.5	39
BCE_A0093	4.9	26
BCE_A0094	NA	20
BCE_A0095	NA	40
BCE_A0096	NA	21
BCE_A0097	NA	30
BCE_A0098	NA	18
BCE_A0099	9.4	18
BCE_A0100	NA	18
BCE_A0101	NA	6
BCE_A0102	NA	21
BCE_A0103	4.0	20
BCE_A0104	NA	5
BCE_A0105	NA	NA
BCE_A0106	2.7	23
BCE_A0107	NA	16
BCE_A0108	NA	10
BCE_A0109	NA	NA
BCE_A0110	1.3	27
BCE_A0111	NA	NA
BCE_A0112	NA	NA
BCE_A0113	1.4	8
BCE_A0114	NA	11
BCE_A0115	NA	11
BCE_A0116	3.6	19
BCE_A0117	5.1	132
BCE_A0118	12.7	161
BCE_A0119	NA	NA
BCE_A0120	NA	NA
BCE_A0121	6.5	67
BCE_A0122	NA	40
BCE_A0123	9.9	36
BCE_A0124	NA	28
BCE_A0125	8.0	37
BCE_A0126	1.3	20
BCE_A0127	2.2	24
BCE_A0128	NA	9
BCE_A0129	2.3	9
BCE_A0130	NA	6
BCE_A0131	NA	6
BCE_A0132	NA	NA
BCE_A0133	NA	14
BCE_A0134	2.8	5
BCE_A0135	NA	7
BCE_A0136	2.0	14
BCE_A0137	1.4	8
BCE_A0138	NA	10
BCE_A0139	NA	15
BCE_A0140	NA	NA
BCE_A0141	1.0	8
BCE_A0142	NA	NA
BCE_A0143	NA	NA
BCE_A0144	NA	NA
BCE_A0145	1.3	26
BCE_A0146	NA	NA
BCE_A0147	NA	7
BCE_A0148	NA	7
BCE_A0149	NA	355
BCE_A0150	3.4	682
BCE_A0151	1.8	58
BCE_A0152	3.0	25
BCE_A0153	NA	41
BCE_A0154	3.7	23
BCE_A0155	NA	11
BCE_A0156	3.7	23
BCE_A0157	5.1	18
BCE_A0158	3.1	60
BCE_A0159	3.1	13
BCE_A0160	NA	23
BCE_A0161	NA	NA
BCE_A0162	NA	NA
BCE_A0163	NA	NA
BCE_A0164	NA	NA
BCE_A0165	NA	NA
BCE_A0166	NA	NA
BCE_A0167	1.6	27
BCE_A0168	NA	5
BCE_A0169	NA	NA
BCE_A0170	NA	NA
BCE_A0171	NA	8
BCE_A0172	1.5	15
BCE_A0173	NA	NA
BCE_A0174	NA	NA
BCE_A0175	NA	NA
BCE_A0176	NA	NA
BCE_A0177	NA	NA
BCE_A0178	NA	9
BCE_A0179	NA	7
BCE_A0180	NA	NA
BCE_A0181	NA	14
BCE_A0182	4.0	17
BCE_A0183	NA	6
BCE_A0184	1.2	6
BCE_A0185	NA	NA
BCE_A0186	NA	NA
BCE_A0187	NA	NA
BCE_A0188	NA	70
BCE_A0189	NA	9
BCE_A0190	NA	NA
BCE_A0191	NA	NA
BCE_A0192	NA	NA
BCE_A0193	NA	NA
BCE_A0194	1.4	12
BCE_A0195	NA	NA
BCE_A0196	NA	NA
BCE_A0197	NA	NA
BCE_A0198	NA	NA
BCE_A0199	NA	NA
BCE_A0200	NA	NA
BCE_A0201	NA	NA
BCE_A0202	NA	NA
BCE_A0203	2.8	15
BCE_A0204	NA	NA
BCE_A0205	NA	NA
BCE_A0206	NA	NA
BCE_A0207	NA	NA
BCE_A0208	NA	NA
BCE_A0209	NA	NA
BCE_A0210	NA	9
BCE_A0211	NA	NA
BCE_A0212	NA	NA
BCE_A0213	NA	8
BCE_A0214	NA	10
BCE_A0215	NA	7
BCE_A0216	1.1	18
BCE_A0217	NA	15
BCE_A0218	NA	NA
BCE_A0219	NA	NA
BCE_A0220	NA	NA
BCE_A0221	1.6	109
BCE_A0222	NA	193
BCE_A0223	2.2	49
BCE_A0224	NA	60
BCE_A0225	2.0	16
BCE_A0226	1.3	25
BCE_A0227	1.7	22
BCE_A0228	3.1	336
BCE_A0229	6.0	16
BCE_A0230	5.2	68
BCE_A0231	3.2	29
BCE_A0232	0.8	12
BCE_A0233	NA	NA
BCE_A0234	1.0	16
BCE_A0235	1.5	79
BCE_A0236	NA	28
BCE_A0237	NA	NA
BCE_A0238	2.6	14
BCE_A0239	3.2	14
BCE_A0240	3.0	23
BCE_A0241	NA	NA
BCE_A0242	NA	NA
TU_212876-213053_chr	1.2	35
TU_361539-361757_chr	NA	13
TU_500907-501082_chr	NA	21
TU_504184-504449_chr	NA	4714
TU_828624-829048_chr	1.0	128
TU_836959-837133_chr	3.0	10
TU_838069-838232_chr	NA	263
TU_881538-881924_chr	2.1	33
TU_881934-882258_chr	NA	8
TU_1092966-1093422_chr	0.9	14
TU_1142034-1142176_chr	NA	27
TU_1163233-1163358_chr	NA	7
TU_1170569-1170714_chr	NA	16
TU_1981256-1981483_chr	3.9	71
TU_2118807-2119095_chr	NA	5
TU_2153064-2153313_chr	NA	35
TU_2364902-2365106_chr	NA	6
TU_2486795-2487043_chr	3.0	37
TU_2493400-2493598_chr	NA	14
TU_3123720-3124099_chr	NA	8
TU_3236607-3236752_chr	NA	7
TU_3255870-3256089_chr	NA	10
TU_3289949-3290183_chr	1.4	8
TU_3298996-3299216_chr	1.8	48
TU_3826098-3826350_chr	NA	8
TU_3835984-3836175_chr	NA	21
TU_4178893-4179038_chr	NA	350
TU_4191989-4192144_chr	NA	9
TU_4689937-4690174_chr	NA	17
TU_4806963-4807079_chr	NA	14
TU_8402-8571_pl	NA	7
TU_62115-62330_pl	NA	13
TU_178445-178547_pl	NA	35
TU_202047-202260_pl	NA	9
