label,Type
A0A063ZTS2,Fold-to-fold bridging
A0A081ES94,Fold-to-fold bridging
A0A097QWD9,Fold-to-fold bridging
A0A0B3AAJ7,Fold-to-fold bridging
A0A0B3AHA4,Fold-to-fold bridging
A0A0B3AMP7,Fold-to-fold bridging
A0A0B3AXW7,Fold-to-fold bridging
A0A0B3B4K7,Fold-to-fold bridging
A0A0B5GM27,Fold-to-fold bridging
A0A0B5HZ25,Fold-to-fold bridging
A0A0B5I1L7,Fold-to-fold bridging
A0A0D6JND7,Fold-to-fold bridging
A0A0F7PG32,Fold-to-fold bridging
A0A0K1IPY9,Fold-to-fold bridging
A0A0M9AMB6,Fold-to-fold bridging
A0A0M9AS20,Fold-to-fold bridging
A0A0N0BQL8,Fold-to-fold bridging
A0A0P7GMZ7,Fold-to-fold bridging
A0A0Q2QRD6,Fold-to-fold bridging
A0A0U5D191,Fold-to-fold bridging
A0A0U5D251,Fold-to-fold bridging
A0A0U5H5P3,Fold-to-fold bridging
A0A0W1R3Z6,Fold-to-fold bridging
A0A0W1STI9,Fold-to-fold bridging
A0A0X1KKW0,Fold-to-fold bridging
A0A124EBG8,Fold-to-fold bridging
A0A133VKQ4,Fold-to-fold bridging
A0A135VIL6,Fold-to-fold bridging
A0A135VRW9,Fold-to-fold bridging
A0A142CXH1,Fold-to-fold bridging
A0A151A8D9,Fold-to-fold bridging
A0A151A8F6,Fold-to-fold bridging
A0A151A9H5,Fold-to-fold bridging
A0A151AAS1,Fold-to-fold bridging
A0A151AGZ3,Fold-to-fold bridging
A0A161ZNN7,Fold-to-fold bridging
A0A165L5R7,Fold-to-fold bridging
A0A165LI09,Fold-to-fold bridging
A0A166G4L7,Fold-to-fold bridging
A0A166RM48,Fold-to-fold bridging
A0A1D2Q8Q6,Fold-to-fold bridging
A0A1D2QB17,Fold-to-fold bridging
A0A1D2QBN8,Fold-to-fold bridging
A0A1D2QII9,Fold-to-fold bridging
A0A1D2QK59,Fold-to-fold bridging
A0A1D8MQW2,Fold-to-fold bridging
A0A1D8S744,Fold-to-fold bridging
A0A1F6Z251,Fold-to-fold bridging
A0A1F6ZC06,Fold-to-fold bridging
A0A1G6NUX2,Fold-to-fold bridging
A0A1G7GY70,Fold-to-fold bridging
A0A1G7RI57,Fold-to-fold bridging
A0A1G8TKY1,Fold-to-fold bridging
A0A1G9GB26,Fold-to-fold bridging
A0A1G9PJQ8,Fold-to-fold bridging
A0A1G9SIM0,Fold-to-fold bridging
A0A1H1EAJ6,Fold-to-fold bridging
A0A1H1HWW5,Fold-to-fold bridging
A0A1H2SGR0,Fold-to-fold bridging
A0A1H3ABB9,Fold-to-fold bridging
A0A1H3EK51,Fold-to-fold bridging
A0A1H3FXI0,Fold-to-fold bridging
A0A1H3J092,Fold-to-fold bridging
A0A1H3NXB2,Fold-to-fold bridging
A0A1H3Z6Q1,Fold-to-fold bridging
A0A1H3ZW45,Fold-to-fold bridging
A0A1H4AA03,Fold-to-fold bridging
A0A1H5WDE9,Fold-to-fold bridging
A0A1H6CCZ6,Fold-to-fold bridging
A0A1H6G4T3,Fold-to-fold bridging
A0A1H6HSI5,Fold-to-fold bridging
A0A1H6RCI3,Fold-to-fold bridging
A0A1H7L5E4,Fold-to-fold bridging
A0A1H8IL87,Fold-to-fold bridging
A0A1H8MQB7,Fold-to-fold bridging
A0A1H8QLS1,Fold-to-fold bridging
A0A1H8VL74,Fold-to-fold bridging
A0A1H9IX86,Fold-to-fold bridging
A0A1I0PU93,Fold-to-fold bridging
A0A1I0QGT7,Fold-to-fold bridging
A0A1I1H7F4,Fold-to-fold bridging
A0A1I1L4Q6,Fold-to-fold bridging
A0A1I2LLW9,Fold-to-fold bridging
A0A1I2WB69,Fold-to-fold bridging
A0A1I3B8U1,Fold-to-fold bridging
A0A1I3NNZ6,Fold-to-fold bridging
A0A1I4G9M3,Fold-to-fold bridging
A0A1I6FK86,Fold-to-fold bridging
A0A1I6FUI6,Fold-to-fold bridging
A0A1I6G030,Fold-to-fold bridging
A0A1I6KB96,Fold-to-fold bridging
A0A1I6P7E5,Fold-to-fold bridging
A0A1J4LPZ6,Fold-to-fold bridging
A0A1J4UJF4,Fold-to-fold bridging
A0A1J4VXJ4,Fold-to-fold bridging
A0A1J4W1A3,Fold-to-fold bridging
A0A1J4W298,Fold-to-fold bridging
A0A1J4XXG0,Fold-to-fold bridging
A0A1J4ZF27,Fold-to-fold bridging
A0A1M5QHD7,Fold-to-fold bridging
A0A1M6ZY81,Fold-to-fold bridging
A0A1M7B0G7,Fold-to-fold bridging
A0A1N7BQP2,Fold-to-fold bridging
A0A1N7CJQ4,Fold-to-fold bridging
A0A1N7ELE7,Fold-to-fold bridging
A0A1N7EMX5,Fold-to-fold bridging
A0A1N7EWW1,Fold-to-fold bridging
A0A1N7EYK6,Fold-to-fold bridging
A0A1N7EZX5,Fold-to-fold bridging
A0A1N7F9P1,Fold-to-fold bridging
A0A1N7FFA6,Fold-to-fold bridging
A0A1Q1FJI3,Fold-to-fold bridging
A0A1Q9NJ58,Fold-to-fold bridging
A0A1Q9P034,Fold-to-fold bridging
A0A1Q9PF12,Fold-to-fold bridging
A0A1S6GXX4,Fold-to-fold bridging
A0A1S6H1E5,Fold-to-fold bridging
A0A1S6H9N7,Fold-to-fold bridging
A0A1S6HEP4,Fold-to-fold bridging
A0A1S8B0B8,Fold-to-fold bridging
A0A1U7EU63,Fold-to-fold bridging
A0A1V5TQF5,Fold-to-fold bridging
A0A1X4H9D8,Fold-to-fold bridging
A0A1Y3A6C6,Fold-to-fold bridging
A0A1Y3AJJ9,Fold-to-fold bridging
A0A1Z2TMB6,Fold-to-fold bridging
A0A202E5N3,Fold-to-fold bridging
A0A218P3Q6,Fold-to-fold bridging
A0A218P8Q1,Fold-to-fold bridging
A0A218PEF3,Fold-to-fold bridging
A0A238WDZ3,Fold-to-fold bridging
A0A238X234,Fold-to-fold bridging
A0A238X3F0,Fold-to-fold bridging
A0A256HEQ5,Fold-to-fold bridging
A0A256HII9,Fold-to-fold bridging
A0A256HTZ0,Fold-to-fold bridging
A0A256HV59,Fold-to-fold bridging
A0A256HYL0,Fold-to-fold bridging
A0A256IG49,Fold-to-fold bridging
A0A256JLX2,Fold-to-fold bridging
A0A256KDR0,Fold-to-fold bridging
A0A256KI76,Fold-to-fold bridging
A0A256XU48,Fold-to-fold bridging
A0A256Y3L8,Fold-to-fold bridging
A0A256YB44,Fold-to-fold bridging
A0A256ZZW0,Fold-to-fold bridging
A0A285P3L2,Fold-to-fold bridging
A0A2A2F9W7,Fold-to-fold bridging
A0A2A2FDG5,Fold-to-fold bridging
A0A2A5QYS2,Fold-to-fold bridging
A0A2B7GTP7,Fold-to-fold bridging
A0A2D5V1C9,Fold-to-fold bridging
A0A2D5XD57,Fold-to-fold bridging
A0A2D6F200,Fold-to-fold bridging
A0A2D6KD04,Fold-to-fold bridging
A0A2D6L4A9,Fold-to-fold bridging
A0A2D6MJ46,Fold-to-fold bridging
A0A2D6NCI1,Fold-to-fold bridging
A0A2D6P4N4,Fold-to-fold bridging
A0A2D6PD18,Fold-to-fold bridging
A0A2D6Q8E4,Fold-to-fold bridging
A0A2D6RKK9,Fold-to-fold bridging
A0A2D6SQC9,Fold-to-fold bridging
A0A2D6TIU0,Fold-to-fold bridging
A0A2D6TNM1,Fold-to-fold bridging
A0A2D6U115,Fold-to-fold bridging
A0A2D6W4P7,Fold-to-fold bridging
A0A2E9LGY5,Fold-to-fold bridging
A0A2G1WKG9,Fold-to-fold bridging
A0A2G1WM39,Fold-to-fold bridging
A0A2G1WMH2,Fold-to-fold bridging
A0A2G1WVC5,Fold-to-fold bridging
A0A2G1WXA7,Fold-to-fold bridging
A0A2G1WZV7,Fold-to-fold bridging
A0A2G1X8N7,Fold-to-fold bridging
A0A2G9LUD0,Fold-to-fold bridging
A0A2G9LVZ1,Fold-to-fold bridging
A0A2G9M6A5,Fold-to-fold bridging
A0A2G9MBT1,Fold-to-fold bridging
A0A2G9MDS7,Fold-to-fold bridging
A0A2G9MFA4,Fold-to-fold bridging
A0A2G9MNS0,Fold-to-fold bridging
A0A2G9MS88,Fold-to-fold bridging
A0A2G9N4L4,Fold-to-fold bridging
A0A2G9NGQ0,Fold-to-fold bridging
A0A2G9NHB9,Fold-to-fold bridging
A0A2G9NI47,Fold-to-fold bridging
A0A2G9NMS0,Fold-to-fold bridging
A0A2G9NQI6,Fold-to-fold bridging
A0A2G9PBT6,Fold-to-fold bridging
A0A2G9PZ11,Fold-to-fold bridging
A0A2G9Q074,Fold-to-fold bridging
A0A2H5A1U4,Fold-to-fold bridging
A0A2H5UVZ0,Fold-to-fold bridging
A0A2H5V7B8,Fold-to-fold bridging
A0A2H6H102,Fold-to-fold bridging
A0A2H9L4R6,Fold-to-fold bridging
A0A2H9LQZ2,Fold-to-fold bridging
A0A2H9MH16,Fold-to-fold bridging
A0A2H9MZL1,Fold-to-fold bridging
A0A2H9NGD1,Fold-to-fold bridging
A0A2H9NRT6,Fold-to-fold bridging
A0A2H9NVD1,Fold-to-fold bridging
A0A2H9P042,Fold-to-fold bridging
A0A2H9PGU7,Fold-to-fold bridging
A0A2H9PKZ8,Fold-to-fold bridging
A0A2H9PST3,Fold-to-fold bridging
A0A2H9PW86,Fold-to-fold bridging
A0A2H9Q037,Fold-to-fold bridging
A0A2H9Q3V2,Fold-to-fold bridging
A0A2H9QJH0,Fold-to-fold bridging
A0A2H9R221,Fold-to-fold bridging
A0A2H9R6V4,Fold-to-fold bridging
A0A2H9RKA8,Fold-to-fold bridging
A0A2H9RN49,Fold-to-fold bridging
A0A2H9TER5,Fold-to-fold bridging
A0A2I8VNF8,Fold-to-fold bridging
A0A2I8VRE2,Fold-to-fold bridging
A0A2J6H128,Fold-to-fold bridging
A0A2P4NUV2,Fold-to-fold bridging
A0A2P6VYB6,Fold-to-fold bridging
A0A2R4WYC8,Fold-to-fold bridging
A0A2R6CGK9,Fold-to-fold bridging
A0A2R6CM35,Fold-to-fold bridging
A0A2R6CWP3,Fold-to-fold bridging
A0A2R6D732,Fold-to-fold bridging
A0A2R6DCI8,Fold-to-fold bridging
A0A2R6DE40,Fold-to-fold bridging
A0A2R6DGN1,Fold-to-fold bridging
A0A2R6DPU3,Fold-to-fold bridging
A0A2R6DTY3,Fold-to-fold bridging
A0A2R6DWQ1,Fold-to-fold bridging
A0A2R6E1F2,Fold-to-fold bridging
A0A2R6EF64,Fold-to-fold bridging
A0A2R6ENL6,Fold-to-fold bridging
A0A2R6EQW3,Fold-to-fold bridging
A0A2R6EZI6,Fold-to-fold bridging
A0A2R6F0P5,Fold-to-fold bridging
A0A2R6FGE0,Fold-to-fold bridging
A0A2R6FK99,Fold-to-fold bridging
A0A2R6FQP5,Fold-to-fold bridging
A0A2R6FYR7,Fold-to-fold bridging
A0A2R6FZ97,Fold-to-fold bridging
A0A2R6G8U7,Fold-to-fold bridging
A0A2R6GLD8,Fold-to-fold bridging
A0A2R6GMU3,Fold-to-fold bridging
A0A2R6GY04,Fold-to-fold bridging
A0A2R6H8C7,Fold-to-fold bridging
A0A2R6H9V3,Fold-to-fold bridging
A0A2R6HBG3,Fold-to-fold bridging
A0A2R6HNW8,Fold-to-fold bridging
A0A2R6HWX7,Fold-to-fold bridging
A0A2R6IEH7,Fold-to-fold bridging
A0A2R6INQ1,Fold-to-fold bridging
A0A2R6IQ80,Fold-to-fold bridging
A0A2R6J3N5,Fold-to-fold bridging
A0A2R6JC94,Fold-to-fold bridging
A0A2R6JCB2,Fold-to-fold bridging
A0A2R6JF73,Fold-to-fold bridging
A0A2R6JL56,Fold-to-fold bridging
A0A2R6K0P9,Fold-to-fold bridging
A0A2R6K7K5,Fold-to-fold bridging
A0A2R6KFC3,Fold-to-fold bridging
A0A2R6KR86,Fold-to-fold bridging
A0A2R6KUJ0,Fold-to-fold bridging
A0A2R6KYT2,Fold-to-fold bridging
A0A2R6KZ23,Fold-to-fold bridging
A0A2R6L2G9,Fold-to-fold bridging
A0A2R6LHP4,Fold-to-fold bridging
A0A2R6LMP3,Fold-to-fold bridging
A0A2R6LXV8,Fold-to-fold bridging
A0A2R6M5W0,Fold-to-fold bridging
A0A2R6MJH8,Fold-to-fold bridging
A0A2R6ML42,Fold-to-fold bridging
A0A2R6MM89,Fold-to-fold bridging
A0A2R6MN12,Fold-to-fold bridging
A0A2R6MXJ6,Fold-to-fold bridging
A0A2R6N0R0,Fold-to-fold bridging
A0A2R6N1N6,Fold-to-fold bridging
A0A2R6N893,Fold-to-fold bridging
A0A2R6N921,Fold-to-fold bridging
A0A2Z2HU79,Fold-to-fold bridging
A0A2Z2MD79,Fold-to-fold bridging
A0A2Z2MDC9,Fold-to-fold bridging
A0A2Z2MDI3,Fold-to-fold bridging
A0A2Z2MLN1,Fold-to-fold bridging
A0A2Z2N0L2,Fold-to-fold bridging
A0A329TBS8,Fold-to-fold bridging
A0A343TJT5,Fold-to-fold bridging
A0A345E9C5,Fold-to-fold bridging
A0A346PA30,Fold-to-fold bridging
A0A365T8C9,Fold-to-fold bridging
A0A368NAG4,Fold-to-fold bridging
A0A371K7B7,Fold-to-fold bridging
A0A371K8G2,Fold-to-fold bridging
A0A371KE49,Fold-to-fold bridging
A0A371KRZ6,Fold-to-fold bridging
A0A371L674,Fold-to-fold bridging
A0A371L9H6,Fold-to-fold bridging
A0A371LA76,Fold-to-fold bridging
A0A371LYX9,Fold-to-fold bridging
A0A371M3P9,Fold-to-fold bridging
A0A371M3Q8,Fold-to-fold bridging
A0A371M6R0,Fold-to-fold bridging
A0A371MPL9,Fold-to-fold bridging
A0A371N421,Fold-to-fold bridging
A0A384KSN1,Fold-to-fold bridging
A0A384LG55,Fold-to-fold bridging
A0A3A5JBC3,Fold-to-fold bridging
A0A3A5JDR3,Fold-to-fold bridging
A0A3A5JGU7,Fold-to-fold bridging
A0A3A5JIP1,Fold-to-fold bridging
A0A3A5JV04,Fold-to-fold bridging
A0A3A6PP67,Fold-to-fold bridging
A0A3A6QA42,Fold-to-fold bridging
A0A3A6QKJ7,Fold-to-fold bridging
A0A3L6JE44,Fold-to-fold bridging
A0A3L6JM86,Fold-to-fold bridging
A0A3M0CIK5,Fold-to-fold bridging
A0A3M0D146,Fold-to-fold bridging
A0A3M0Y8H2,Fold-to-fold bridging
A0A3M1DGF3,Fold-to-fold bridging
A0A3M1F829,Fold-to-fold bridging
A0A3M1FC41,Fold-to-fold bridging
A0A3M1HAI1,Fold-to-fold bridging
A0A3M1NJN7,Fold-to-fold bridging
A0A3N6LWK9,Fold-to-fold bridging
A0A3N6N0C5,Fold-to-fold bridging
A0A3N6P7W4,Fold-to-fold bridging
A0A3P3R5D5,Fold-to-fold bridging
A0A3Q9EEG7,Fold-to-fold bridging
A0A3R7DBX8,Fold-to-fold bridging
A0A3R7IAD7,Fold-to-fold bridging
A0A3R7IM04,Fold-to-fold bridging
A0A410TR08,Fold-to-fold bridging
A0A419FS79,Fold-to-fold bridging
A0A421E540,Fold-to-fold bridging
A0A421EGY8,Fold-to-fold bridging
A0A421ELT2,Fold-to-fold bridging
A0A482T6M6,Fold-to-fold bridging
A0A482TFH5,Fold-to-fold bridging
A0A482Y4A9,Fold-to-fold bridging
A0A495R235,Fold-to-fold bridging
A0A497EJ12,Fold-to-fold bridging
A0A497PDA6,Fold-to-fold bridging
A0A497PSE8,Fold-to-fold bridging
A0A497PTC2,Fold-to-fold bridging
A0A497S989,Fold-to-fold bridging
A0A497SC40,Fold-to-fold bridging
A0A497SNL9,Fold-to-fold bridging
A0A498E3E6,Fold-to-fold bridging
A0A498E545,Fold-to-fold bridging
A0A498E9U8,Fold-to-fold bridging
A0A498EN39,Fold-to-fold bridging
A0A498ER75,Fold-to-fold bridging
A0A498FEQ6,Fold-to-fold bridging
A0A498FM33,Fold-to-fold bridging
A0A498FNA3,Fold-to-fold bridging
A0A498G459,Fold-to-fold bridging
A0A498G6P0,Fold-to-fold bridging
A0A498GA91,Fold-to-fold bridging
A0A498GC44,Fold-to-fold bridging
A0A498GJH2,Fold-to-fold bridging
A0A498KRS4,Fold-to-fold bridging
A0A4C2EJH4,Fold-to-fold bridging
A0A4C2EMS7,Fold-to-fold bridging
A0A4C2EN04,Fold-to-fold bridging
A0A4C2EP19,Fold-to-fold bridging
A0A4D6GYW0,Fold-to-fold bridging
A0A4D6HA07,Fold-to-fold bridging
A0A4D6HNT3,Fold-to-fold bridging
A0A4D6KCN0,Fold-to-fold bridging
A0A4D7GYY6,Fold-to-fold bridging
A0A4P8WPY4,Fold-to-fold bridging
A0A4P8WQ42,Fold-to-fold bridging
A0A4S3TT61,Fold-to-fold bridging
A0A4U5JDD9,Fold-to-fold bridging
A0A4U7C176,Fold-to-fold bridging
A0A4U7C1W4,Fold-to-fold bridging
A0A4U7C8U0,Fold-to-fold bridging
A0A4U7CBD2,Fold-to-fold bridging
A0A4U7CYJ6,Fold-to-fold bridging
A0A4U7DBG4,Fold-to-fold bridging
A0A4U7DFJ1,Fold-to-fold bridging
A0A4U7DPA0,Fold-to-fold bridging
A0A4U7DX51,Fold-to-fold bridging
A0A4U7DYQ2,Fold-to-fold bridging
A0A4U7DZA5,Fold-to-fold bridging
A0A4U7EI78,Fold-to-fold bridging
A0A4U7EWV6,Fold-to-fold bridging
A0A4U7F007,Fold-to-fold bridging
A0A4U7F2V0,Fold-to-fold bridging
A0A4V1IFG0,Fold-to-fold bridging
A0A4V6E172,Fold-to-fold bridging
A0A4V6E676,Fold-to-fold bridging
A0A4Y5SLD7,Fold-to-fold bridging
A0A510NAH2,Fold-to-fold bridging
A0A518S9R1,Fold-to-fold bridging
A0A519BR08,Fold-to-fold bridging
A0A519BS89,Fold-to-fold bridging
A0A521CHI1,Fold-to-fold bridging
A0A521ET06,Fold-to-fold bridging
A0A523XQR6,Fold-to-fold bridging
A0A524D048,Fold-to-fold bridging
A0A524D1T5,Fold-to-fold bridging
A0A524DE19,Fold-to-fold bridging
A0A524DIH9,Fold-to-fold bridging
A0A524DTX6,Fold-to-fold bridging
A0A524EQI0,Fold-to-fold bridging
A0A524ESI0,Fold-to-fold bridging
A0A524G590,Fold-to-fold bridging
A0A524L8G8,Fold-to-fold bridging
A0A524LZ65,Fold-to-fold bridging
A0A532T4Y2,Fold-to-fold bridging
A0A544QNQ4,Fold-to-fold bridging
A0A554NC87,Fold-to-fold bridging
A0A558GAR3,Fold-to-fold bridging
A0A5C0SI94,Fold-to-fold bridging
A0A5C0XQU7,Fold-to-fold bridging
A0A5C9E547,Fold-to-fold bridging
A0A5C9EHF2,Fold-to-fold bridging
A0A5C9ER26,Fold-to-fold bridging
A0A5C9ETQ6,Fold-to-fold bridging
A0A5C9EZL2,Fold-to-fold bridging
A0A5D5AS44,Fold-to-fold bridging
A0A5E4I285,Fold-to-fold bridging
A0A5E4IMX6,Fold-to-fold bridging
A0A5E4JRR1,Fold-to-fold bridging
A0A5E4JRX4,Fold-to-fold bridging
A0A5E4JZQ5,Fold-to-fold bridging
A0A5E4K289,Fold-to-fold bridging
A0A5E4K6L5,Fold-to-fold bridging
A0A5J5LB27,Fold-to-fold bridging
A0A5N1KWG6,Fold-to-fold bridging
A0A5N1L1M0,Fold-to-fold bridging
A0A5N1LAG1,Fold-to-fold bridging
A0A5N5U4Y8,Fold-to-fold bridging
A0A5N5U9G2,Fold-to-fold bridging
A0A5P8LWJ1,Fold-to-fold bridging
A0A5P9P1Y3,Fold-to-fold bridging
A0A5Q0UI58,Fold-to-fold bridging
A0A5Q0UIZ6,Fold-to-fold bridging
A0A643JUZ0,Fold-to-fold bridging
A0A643KCR1,Fold-to-fold bridging
A0A650A1I4,Fold-to-fold bridging
A0A662EX90,Fold-to-fold bridging
A0A662FE67,Fold-to-fold bridging
A0A662FLX2,Fold-to-fold bridging
A0A662K6T1,Fold-to-fold bridging
A0A662L487,Fold-to-fold bridging
A0A662QIX8,Fold-to-fold bridging
A0A662QNS9,Fold-to-fold bridging
A0A662QUL5,Fold-to-fold bridging
A0A6A8G7R3,Fold-to-fold bridging
A0A6A8GDD5,Fold-to-fold bridging
A0A6A9S847,Fold-to-fold bridging
A0A6A9SBS2,Fold-to-fold bridging
A0A6A9SJA9,Fold-to-fold bridging
A0A6A9SQ22,Fold-to-fold bridging
A0A6A9T0A4,Fold-to-fold bridging
A0A6A9T9M9,Fold-to-fold bridging
A0A6B0GP28,Fold-to-fold bridging
A0A6B0HI17,Fold-to-fold bridging
A0A6B0SS20,Fold-to-fold bridging
A0A6B0SWJ4,Fold-to-fold bridging
A0A6B0SZB7,Fold-to-fold bridging
A0A6B0T1E1,Fold-to-fold bridging
A0A6B0T3C7,Fold-to-fold bridging
A0A6B0T9H2,Fold-to-fold bridging
A0A6B0VJ64,Fold-to-fold bridging
A0A6B1IRP3,Fold-to-fold bridging
A0A6B9FAN3,Fold-to-fold bridging
A0A6B9FDY2,Fold-to-fold bridging
A0A6B9Y5B1,Fold-to-fold bridging
A0A6C0UN02,Fold-to-fold bridging
A0A6G0EF38,Fold-to-fold bridging
A0A6G1YZI6,Fold-to-fold bridging
A0A6G2FX32,Fold-to-fold bridging
A0A6G2HCB3,Fold-to-fold bridging
A0A6G3ZER8,Fold-to-fold bridging
A0A6G4RA29,Fold-to-fold bridging
A0A6G8T455,Fold-to-fold bridging
A0A6N0NSD0,Fold-to-fold bridging
A0A7C1MIP5,Fold-to-fold bridging
A0A7C1NDG7,Fold-to-fold bridging
A0A7C1R3J6,Fold-to-fold bridging
A0A7C4E4D7,Fold-to-fold bridging
A0A7C4RMI9,Fold-to-fold bridging
A0A7C4UZ97,Fold-to-fold bridging
A0A7C4WZT2,Fold-to-fold bridging
A0A7C5DKU2,Fold-to-fold bridging
A0A7C5K0B8,Fold-to-fold bridging
A0A7C5YAT2,Fold-to-fold bridging
A0A7D3Y0A3,Fold-to-fold bridging
A0A7D4CUY9,Fold-to-fold bridging
A0A7D4XZZ6,Fold-to-fold bridging
A0A7D4Y7F3,Fold-to-fold bridging
A0A7D4Y915,Fold-to-fold bridging
A0A7D5BZ01,Fold-to-fold bridging
A0A7D5GM11,Fold-to-fold bridging
A0A7D5IIG8,Fold-to-fold bridging
A0A7D5IY97,Fold-to-fold bridging
A0A7D5KNH3,Fold-to-fold bridging
A0A7D5KP22,Fold-to-fold bridging
A0A7D5L8T8,Fold-to-fold bridging
A0A7D5LAP3,Fold-to-fold bridging
A0A7D5NXK7,Fold-to-fold bridging
A0A7D5T6R6,Fold-to-fold bridging
A0A7D5T910,Fold-to-fold bridging
A0A7D5TH01,Fold-to-fold bridging
A0A7D5TUJ4,Fold-to-fold bridging
A0A7D5TXP0,Fold-to-fold bridging
A0A7D6CNW7,Fold-to-fold bridging
A0A7G2DBC0,Fold-to-fold bridging
A0A7J2GYZ3,Fold-to-fold bridging
A0A7J2IYX5,Fold-to-fold bridging
A0A7J2JKI1,Fold-to-fold bridging
A0A7J2TZW3,Fold-to-fold bridging
A0A7J2TZX2,Fold-to-fold bridging
A0A7J2VTG8,Fold-to-fold bridging
A0A7J2VWR3,Fold-to-fold bridging
A0A7J3CV08,Fold-to-fold bridging
A0A7J3LN08,Fold-to-fold bridging
A0A7J3MJ20,Fold-to-fold bridging
A0A7J3UHZ5,Fold-to-fold bridging
A0A7J4HVR3,Fold-to-fold bridging
A0A7J4I8G3,Fold-to-fold bridging
A0A7J4IMR8,Fold-to-fold bridging
A0A7J4J350,Fold-to-fold bridging
A0A7J4J7I9,Fold-to-fold bridging
A0A7J4JG57,Fold-to-fold bridging
A0A7J4K2Q3,Fold-to-fold bridging
A0A7J4K7Y6,Fold-to-fold bridging
A0A7J4KSR3,Fold-to-fold bridging
A0A7J4L151,Fold-to-fold bridging
A0A7J4LBP3,Fold-to-fold bridging
A0A7J4LY84,Fold-to-fold bridging
A0A7J4QDZ5,Fold-to-fold bridging
A0A7J4QGV4,Fold-to-fold bridging
A0A7J4S1R1,Fold-to-fold bridging
A0A7J4U564,Fold-to-fold bridging
A0A7J4UK75,Fold-to-fold bridging
A0A7J9Q4U8,Fold-to-fold bridging
A0A7J9SLQ7,Fold-to-fold bridging
A0A7K4C800,Fold-to-fold bridging
A0A7K4GKQ9,Fold-to-fold bridging
A0A7K4HAN7,Fold-to-fold bridging
A0A7K4IH93,Fold-to-fold bridging
A0A7T3KU30,Fold-to-fold bridging
A0A7T5R8J5,Fold-to-fold bridging
A0A7T5UJN9,Fold-to-fold bridging
A0A7T9I0X7,Fold-to-fold bridging
A0A830DPE4,Fold-to-fold bridging
A0A830EHH7,Fold-to-fold bridging
A0A830EUY3,Fold-to-fold bridging
A0A830EX68,Fold-to-fold bridging
A0A830F6V0,Fold-to-fold bridging
A0A830F7V6,Fold-to-fold bridging
A0A830FBB9,Fold-to-fold bridging
A0A830FDK8,Fold-to-fold bridging
A0A830FEU3,Fold-to-fold bridging
A0A830FTF4,Fold-to-fold bridging
A0A830FWT8,Fold-to-fold bridging
A0A830FYC6,Fold-to-fold bridging
A0A830G3U1,Fold-to-fold bridging
A0A830G4X0,Fold-to-fold bridging
A0A830GAX3,Fold-to-fold bridging
A0A830GEQ1,Fold-to-fold bridging
A0A830GFD9,Fold-to-fold bridging
A0A830GPV9,Fold-to-fold bridging
A0A833A2Z5,Fold-to-fold bridging
A0A841HC11,Fold-to-fold bridging
A0A841HFF3,Fold-to-fold bridging
A0A841HFY0,Fold-to-fold bridging
A0A842K380,Fold-to-fold bridging
A0A842NMV4,Fold-to-fold bridging
A0A842PLA1,Fold-to-fold bridging
A0A842Q6I5,Fold-to-fold bridging
A0A842QN38,Fold-to-fold bridging
A0A842SAN4,Fold-to-fold bridging
A0A842TR04,Fold-to-fold bridging
A0A842U389,Fold-to-fold bridging
A0A842UL59,Fold-to-fold bridging
A0A842US40,Fold-to-fold bridging
A0A842UZA4,Fold-to-fold bridging
A0A842V0K1,Fold-to-fold bridging
A0A842V7F3,Fold-to-fold bridging
A0A842V8I8,Fold-to-fold bridging
A0A842W799,Fold-to-fold bridging
A0A842WBN8,Fold-to-fold bridging
A0A842WZD3,Fold-to-fold bridging
A0A843JZZ9,Fold-to-fold bridging
A0A846PMY8,Fold-to-fold bridging
A0A846SXF2,Fold-to-fold bridging
A0A847UMM4,Fold-to-fold bridging
A0A848EQ92,Fold-to-fold bridging
A0A849PVR0,Fold-to-fold bridging
A0A849QDU6,Fold-to-fold bridging
A0A849R7C1,Fold-to-fold bridging
A0A895ADF3,Fold-to-fold bridging
A0A895AEX1,Fold-to-fold bridging
A0A897MUW8,Fold-to-fold bridging
A0A897N342,Fold-to-fold bridging
A0A897NBV1,Fold-to-fold bridging
A0A897NL67,Fold-to-fold bridging
A0A8A2U385,Fold-to-fold bridging
A0A8A2VJ00,Fold-to-fold bridging
B0R7H1,Fold-to-fold bridging
B0R8M9,Fold-to-fold bridging
B6YVF4,Fold-to-fold bridging
B7QZX8,Fold-to-fold bridging
B9LU10,Fold-to-fold bridging
C5A4R6,Fold-to-fold bridging
C7NV10,Fold-to-fold bridging
C7P233,Fold-to-fold bridging
D2RS00,Fold-to-fold bridging
D3SVB1,Fold-to-fold bridging
D4GQ55,Fold-to-fold bridging
D4GZE0,Fold-to-fold bridging
D6GVQ6,Fold-to-fold bridging
D8J532,Fold-to-fold bridging
D8JB14,Fold-to-fold bridging
D8JBI5,Fold-to-fold bridging
D8JCH2,Fold-to-fold bridging
E4NRI4,Fold-to-fold bridging
E6N2V7,Fold-to-fold bridging
E6NA72,Fold-to-fold bridging
E7QMR0,Fold-to-fold bridging
F7PMF2,Fold-to-fold bridging
F7PPY7,Fold-to-fold bridging
F8DCN4,Fold-to-fold bridging
G0HKU4,Fold-to-fold bridging
G0HTK4,Fold-to-fold bridging
G0LFQ3,Fold-to-fold bridging
G0QB19,Fold-to-fold bridging
G0QEU7,Fold-to-fold bridging
G2MHG6,Fold-to-fold bridging
G2MPE8,Fold-to-fold bridging
H0ACJ8,Fold-to-fold bridging
I3R126,Fold-to-fold bridging
I3ZWQ0,Fold-to-fold bridging
I6V1Y9,Fold-to-fold bridging
I7CNZ7,Fold-to-fold bridging
I7CP19,Fold-to-fold bridging
J3EX64,Fold-to-fold bridging
L0AI84,Fold-to-fold bridging
L0I8V8,Fold-to-fold bridging
L0JT31,Fold-to-fold bridging
L0JT86,Fold-to-fold bridging
L0K6J0,Fold-to-fold bridging
L5NX63,Fold-to-fold bridging
L9VFZ5,Fold-to-fold bridging
L9WAH4,Fold-to-fold bridging
L9WKX4,Fold-to-fold bridging
L9X283,Fold-to-fold bridging
L9XBJ4,Fold-to-fold bridging
L9XSE1,Fold-to-fold bridging
L9XVQ5,Fold-to-fold bridging
L9Y2W9,Fold-to-fold bridging
L9YQ59,Fold-to-fold bridging
L9YZP0,Fold-to-fold bridging
L9YZY6,Fold-to-fold bridging
L9Z1D3,Fold-to-fold bridging
L9ZH87,Fold-to-fold bridging
L9ZR38,Fold-to-fold bridging
L9ZWA1,Fold-to-fold bridging
M0AHJ1,Fold-to-fold bridging
M0AXD1,Fold-to-fold bridging
M0BAJ7,Fold-to-fold bridging
M0BL41,Fold-to-fold bridging
M0C7N5,Fold-to-fold bridging
M0CHU8,Fold-to-fold bridging
M0CX07,Fold-to-fold bridging
M0D6B5,Fold-to-fold bridging
M0DBL8,Fold-to-fold bridging
M0DS10,Fold-to-fold bridging
M0DV55,Fold-to-fold bridging
M0E1N7,Fold-to-fold bridging
M0EBW8,Fold-to-fold bridging
M0EDY1,Fold-to-fold bridging
M0EIJ4,Fold-to-fold bridging
M0EX78,Fold-to-fold bridging
M0F3S4,Fold-to-fold bridging
M0FH50,Fold-to-fold bridging
M0FSH5,Fold-to-fold bridging
M0FV11,Fold-to-fold bridging
M0FZU4,Fold-to-fold bridging
M0GF17,Fold-to-fold bridging
M0GNY5,Fold-to-fold bridging
M0GUV1,Fold-to-fold bridging
M0HLI2,Fold-to-fold bridging
M0HW30,Fold-to-fold bridging
M0I0R5,Fold-to-fold bridging
M0I5J9,Fold-to-fold bridging
M0II18,Fold-to-fold bridging
M0J5C0,Fold-to-fold bridging
M0J7X1,Fold-to-fold bridging
M0J9V1,Fold-to-fold bridging
M0K0M4,Fold-to-fold bridging
M0K294,Fold-to-fold bridging
M0K3I4,Fold-to-fold bridging
M0K7B2,Fold-to-fold bridging
M0K7K6,Fold-to-fold bridging
M0L0Q3,Fold-to-fold bridging
M0L6G7,Fold-to-fold bridging
M0LMY2,Fold-to-fold bridging
M0LQ94,Fold-to-fold bridging
M0M032,Fold-to-fold bridging
M0M6B8,Fold-to-fold bridging
M0M9N2,Fold-to-fold bridging
M0MGB9,Fold-to-fold bridging
M0MGQ0,Fold-to-fold bridging
M0MKX2,Fold-to-fold bridging
M0MRS0,Fold-to-fold bridging
M0MSS2,Fold-to-fold bridging
M0MWD4,Fold-to-fold bridging
M0N2Y1,Fold-to-fold bridging
M0N4K5,Fold-to-fold bridging
M0N5C0,Fold-to-fold bridging
M0N972,Fold-to-fold bridging
M0NA51,Fold-to-fold bridging
M0NBB3,Fold-to-fold bridging
M0NDB0,Fold-to-fold bridging
M0NDM6,Fold-to-fold bridging
M0NDX9,Fold-to-fold bridging
M0NF95,Fold-to-fold bridging
M0NFK4,Fold-to-fold bridging
M0NGJ0,Fold-to-fold bridging
M0NGU9,Fold-to-fold bridging
M0NRF5,Fold-to-fold bridging
M0NSL3,Fold-to-fold bridging
M0P8Y8,Fold-to-fold bridging
M0P9D2,Fold-to-fold bridging
M0PE95,Fold-to-fold bridging
M0PLK7,Fold-to-fold bridging
M1XMW9,Fold-to-fold bridging
Q18E68,Fold-to-fold bridging
Q5JDW7,Fold-to-fold bridging
Q5UZD8,Fold-to-fold bridging
Q5V751,Fold-to-fold bridging
Q8U1D0,Fold-to-fold bridging
Q9HHD8,Fold-to-fold bridging
Q9HN32,Fold-to-fold bridging
Q9UWP8,Fold-to-fold bridging
R4W3D9,Fold-to-fold bridging
U1NMU9,Fold-to-fold bridging
U1NY90,Fold-to-fold bridging
U1NYI6,Fold-to-fold bridging
U1PU03,Fold-to-fold bridging
U1QKF4,Fold-to-fold bridging
V4GN65,Fold-to-fold bridging
V4HAY6,Fold-to-fold bridging
V4X669,Fold-to-fold bridging
V4XTY4,Fold-to-fold bridging
V4XWK1,Fold-to-fold bridging
V4YBJ4,Fold-to-fold bridging
V5TQR0,Fold-to-fold bridging
V6DR83,Fold-to-fold bridging
V6DVC9,Fold-to-fold bridging
V6DY05,Fold-to-fold bridging
W0JPW1,Fold-to-fold bridging
W0JZB9,Fold-to-fold bridging
W0K3X0,Fold-to-fold bridging
W0K8H7,Fold-to-fold bridging
W8NTX3,Fold-to-fold bridging
A0A5C9EZ94,Rab GTPase
A0A532THE7,Fold-to-fold bridging
A0A0F8XJF6,Rab GTPase
A0A0F8XVV9,Rab GTPase
A0A497P9U3,Fold-to-fold bridging
A0A497SR00,Fold-to-fold bridging
A0A497TFM2,Fold-to-fold bridging
A0A256YVI3,Fold-to-fold bridging
A0A2D6M217,Fold-to-fold bridging
A0A7J4LID0,Fold-to-fold bridging
A0A2D6PIX6,Fold-to-fold bridging
A0A7J4JBN3,Fold-to-fold bridging
A0A5E4JEQ3,Fold-to-fold bridging
A0A147JYK9,Fold-to-fold bridging
M0NBJ3,Fold-to-fold bridging
A0A2E5QFX1,Fold-to-fold bridging
A0A6A8AM72,Fold-to-fold bridging
A0A0B3AJY9,Fold-to-fold bridging
A0A3M1VXD1,Fold-to-fold bridging
A0A7V3H538,Fold-to-fold bridging
A0A2A4X5H8,Bacterial dimer
A0A3M1VH40,Bacterial dimer
A0A7Y2E8Q7,Fold-to-fold bridging
A0A0G0ZRF0,Fold-to-fold bridging
A0A554IMG3,Fold-to-fold bridging
A0A554M6I4,Fold-to-fold bridging
A0A0S1SPV4,Fold-to-fold bridging
A0A349D2I3,Fold-to-fold bridging
A0A2A4U237,Fold-to-fold bridging
A0A846PDF4,Fold-to-fold bridging
A0A7Y2FGJ3,Fold-to-fold bridging
W4LSE2,ZZ finger
A0A7C7W092,Bacterial dimer
A0A2D7HW20,Bacterial dimer
A0A2D7PIZ8,Bacterial dimer
A0A2E2NPU7,ZZ finger
A0A2E7MAJ9,Bacterial dimer
A0A3M2E106,Fold-to-fold bridging
A0A4P5VUA6,Bacterial dimer
A0A7V3FMV2,Bacterial dimer
A0A7W1B921,Bacterial dimer
A0A353ESF2,Bacterial dimer
A0A534W9A3,Fold-to-fold bridging
A0A534YH26,Fold-to-fold bridging
A0A534YS08,Fold-to-fold bridging
A0A2H0PEF3,Bacterial dimer
A0A1F8WE83,Bacterial dimer
A0A1F9FWF6,Bacterial dimer
A0A1F9GKK6,Bacterial dimer
A0A1F9H5X7,Bacterial dimer
A0A1F9HMM2,Bacterial dimer
A0A848ZJC5,Fold-to-fold bridging
A0A496XR62,Fold-to-fold bridging
A0A4Q5XI17,Bacterial dimer
A0A7C7ZM11,Bacterial dimer
A0A7C8CPF4,Bacterial dimer
A0A7X7C7S9,Fold-to-fold bridging
A0A7X9HPB6,Fold-to-fold bridging
A0A7Y3DDR4,Bacterial dimer
A0A1W9QC34,ZZ finger
A0A450YNR7,Fold-to-fold bridging
A0A450Z010,Fold-to-fold bridging
A0A7V0PNE8,Bacterial dimer
A0A257SVB7,Bacterial dimer
A0A7C1A0V2,Bacterial dimer
A0A7C5NCB0,Bacterial dimer
A0A661EN10,Fold-to-fold bridging
A0A849TM97,ZZ finger
T0CDL6,Fold-to-fold bridging
T0REW7,Fold-to-fold bridging
T0SJP8,Fold-to-fold bridging
A0A1J5KGZ7,Fold-to-fold bridging
T0SMF1,Fold-to-fold bridging
A0A2K9NTN0,ZZ finger
A0A150WQJ8,Bacterial dimer
Q6MRM1,Bacterial dimer
K7YT41,Bacterial dimer
M4V527,Bacterial dimer
A0A317JM14,ZZ finger
A0A258VAP8,Bacterial dimer
A0A258VR48,ZZ finger
A0A0B8WV74,Bacterial dimer
A0A2H0WGB2,Bacterial dimer
A0A514WSE3,Bacterial dimer
A0A3T0RMK7,Bacterial dimer
A0A254Q8K0,Bacterial dimer
A0A514XD40,Bacterial dimer
A0A2D5ZUQ7,Bacterial dimer
A0A2D6JE81,Bacterial dimer
A0A2D6JKW5,Fold-to-fold bridging
A0A2E3WWW7,Bacterial dimer
A0A849WP48,Bacterial dimer
A0A849WVR3,ZZ finger
A0A3D3GDM7,Bacterial dimer
A0A838F3U4,Bacterial dimer
A0A849WY59,Bacterial dimer
A0A1F3T376,Bacterial dimer
A0A1F3TPU5,Bacterial dimer
A0A1F3VLF8,Fold-to-fold bridging
A0A1F3YCA2,Bacterial dimer
A0A2E1RDX6,Fold-to-fold bridging
A0A2E2UD47,Fold-to-fold bridging
A0A2E3W2R9,Fold-to-fold bridging
A0A2E4D8G2,Fold-to-fold bridging
A0A2E4Y315,Fold-to-fold bridging
E1WYC3,Fold-to-fold bridging
A0A2E5JLJ4,ZZ finger
A0A2E6H7C5,Fold-to-fold bridging
A0A2S3QU58,Fold-to-fold bridging
A0A2G8HV32,Fold-to-fold bridging
A0A3A0G721,Bacterial dimer
A0A4Q6CE65,Bacterial dimer
A0A424JF99,Bacterial dimer
A0A6M1YKP4,Bacterial dimer
A0A6M1YTN2,Bacterial dimer
A0A6M1Z6N0,Bacterial dimer
A0A6M1ZI03,Bacterial dimer
A0A6M1ZS67,Bacterial dimer
A0A6G4ZSJ3,Bacterial dimer
A0A6M2A456,Bacterial dimer
A0A7X5TDC4,Bacterial dimer
A0A7X5TFU2,Bacterial dimer
A0A7Y3N6P9,Bacterial dimer
A0A832DPN7,Bacterial dimer
A0A2H0VRH6,Bacterial dimer
F8L7X8,Bacterial dimer
D6YWW1,Bacterial dimer
F8LDV9,Bacterial dimer
A0A2E3LXH5,Bacterial dimer
A0A136MFT4,Bacterial dimer
A0A0C9PZ15,Bacterial dimer
A0A399WQ92,Bacterial dimer
A0A640XSG0,Bacterial dimer
A0A523CMH0,Fold-to-fold bridging
A0A7C2BU76,Fold-to-fold bridging
A0A7C4T0X9,Fold-to-fold bridging
A0A7Y5VQT6,Fold-to-fold bridging
A0A1W9TAA6,Fold-to-fold bridging
A0A2A4PEU7,Bacterial dimer
A0A2A5DAK1,Fold-to-fold bridging
A0A2A5DLG9,Fold-to-fold bridging
A0A2D5WC09,ZZ finger
A0A2E1H2P9,Fold-to-fold bridging
A0A2E1VTJ4,Fold-to-fold bridging
A0A3M1TRV9,Fold-to-fold bridging
A0A7Y3U233,Bacterial dimer
A0A7Y3XLQ0,Fold-to-fold bridging
A0A1G3BJX8,Fold-to-fold bridging
A0A3D3KQ33,Fold-to-fold bridging
A0A5C1QUP3,Bacterial dimer
A0A370AY42,Bacterial dimer
A0A841RH88,Bacterial dimer
A0A2D7DN09,Bacterial dimer
A0A6I7PFK7,Bacterial dimer
A0A8B5WPZ2,Bacterial dimer
A0A1W9V968,Bacterial dimer
A0A2G6I076,Bacterial dimer
A0A5C1QGA0,Bacterial dimer
A0A7X8HDP6,Bacterial dimer
A0A2N1R427,Bacterial dimer
A0A496R340,Bacterial dimer
A0A660SUQ8,Bacterial dimer
A0A660TA47,Bacterial dimer
A0A1V6BQ79,Bacterial dimer
A0A1G3KL33,Bacterial dimer
A0A7C3TW14,Fold-to-fold bridging
A0A7V7WKS1,Bacterial dimer
A0A533SKR9,Fold-to-fold bridging
A0A1V5NCE7,Fold-to-fold bridging
A0A2H6JAE9,Bacterial dimer
A0A1Z9BSG9,Bacterial dimer
A0A2E6NJW5,Fold-to-fold bridging
A0A2E7NCY3,Fold-to-fold bridging
A0A7C2ETS7,Fold-to-fold bridging
A0A1F4Q587,Fold-to-fold bridging
A0A523UV19,Bacterial dimer
A0A2M6WZT5,Fold-to-fold bridging
A0A1G1X2W2,Fold-to-fold bridging
A0A1F5YCB8,Fold-to-fold bridging
A0A1F6LPN0,Fold-to-fold bridging
A0A2H0S0K3,Fold-to-fold bridging
A0A2H0RP58,Fold-to-fold bridging
A0A7Y4QFM2,Fold-to-fold bridging
A0A3M1S117,Fold-to-fold bridging
A0A554K9C6,Fold-to-fold bridging
A0A0G1LC34,Fold-to-fold bridging
A0A2A4U4F1,Bacterial dimer
A0A3B9YFL9,Bacterial dimer
A0A3C1EPS7,Bacterial dimer
A0A3C1EX96,Bacterial dimer
A0A3D1N0D2,Bacterial dimer
A0A7C4EZV5,Bacterial dimer
A0A7V4QPX6,Bacterial dimer
A0A7Y3L400,Bacterial dimer
A0A350W5Z9,Bacterial dimer
A0A1J4YS72,Bacterial dimer
A0A2H0NZH6,Fold-to-fold bridging
A0A2H0DKN7,Bacterial dimer
A0A1F9R7C0,Bacterial dimer
A0A1F9RV46,Bacterial dimer
A0A2N2EYA9,Bacterial dimer
A0A1F9VBW1,Bacterial dimer
A0A1F9U0R5,Bacterial dimer
A0A1F9UH79,Fold-to-fold bridging
A0A1F9URQ3,Bacterial dimer
A0A1F9X2L8,Bacterial dimer
A0A1F9WVL4,Bacterial dimer
A0A1F9VK35,Bacterial dimer
A0A1F9Z557,Bacterial dimer
A0A1F9YS31,Bacterial dimer
A0A1J4V3K3,Fold-to-fold bridging
A0A3N5W0L3,Fold-to-fold bridging
A0A2D6E7R0,Fold-to-fold bridging
A0A7C7W2N4,ZZ finger
A0A2D6BK07,Fold-to-fold bridging
A0A2D6BLB9,ZZ finger
A0A2D6MPL4,Fold-to-fold bridging
A0A2D6MV11,ZZ finger
A0A2D7I2C2,Fold-to-fold bridging
A0A2E3NEB3,Fold-to-fold bridging
A0A2E5YKX8,ZZ finger
A0A2E9GR49,Fold-to-fold bridging
A0A2E9GVV8,ZZ finger
A0A3M1CW59,Fold-to-fold bridging
A0A3M1CXZ6,Fold-to-fold bridging
A0A3M2AIN5,Fold-to-fold bridging
A0A3M2DM94,ZZ finger
A0A4Q3L5F5,Fold-to-fold bridging
A0A7C2NHU0,ZZ finger
A0A7C2SBP3,Fold-to-fold bridging
A0A7C4PUZ6,Fold-to-fold bridging
A0A7V1IMG8,Fold-to-fold bridging
A0A7V1NBG0,ZZ finger
A0A7V3SQP7,Fold-to-fold bridging
A0A7V9RH42,ZZ finger
A0A7W0VNZ6,ZZ finger
A0A7W0WZ05,ZZ finger
A0A523J6M5,Fold-to-fold bridging
A0A523J7G5,ZZ finger
A0A523JB45,Fold-to-fold bridging
A0A523KJV0,Fold-to-fold bridging
A0A534PT43,Fold-to-fold bridging
A0A534Q2D1,Fold-to-fold bridging
A0A534Q5W1,Fold-to-fold bridging
A0A534QAD6,ZZ finger
A0A534SUR8,ZZ finger
A0A534U0C7,ZZ finger
A0A534VZT2,ZZ finger
A0A538QVS1,ZZ finger
A0A661NYP2,Fold-to-fold bridging
A0A1Q7M5D7,Fold-to-fold bridging
A0A2M8FXL5,Bacterial dimer
A0A2H0PM38,ZZ finger
A0A2H0PCU9,Fold-to-fold bridging
A0A2H0P3F2,Fold-to-fold bridging
A0A1F9H5K8,Fold-to-fold bridging
A0A1F9LHM1,Fold-to-fold bridging
A0A1F9MU12,Bacterial dimer
A0A0C1Z8D0,ZZ finger
A0A0C2D3N4,Fold-to-fold bridging
A0A2S9XMF4,ZZ finger
A0A2S9XMT8,Fold-to-fold bridging
A0A2S9YIA0,Fold-to-fold bridging
A0A2S9YM89,ZZ finger
D0LYE7,ZZ finger
D0LYZ1,Fold-to-fold bridging
A0A7Y6UEK4,ZZ finger
A0A2E6DHA5,Fold-to-fold bridging
A0A2E6VRS9,Fold-to-fold bridging
A0A7C7U4K3,Fold-to-fold bridging
A0A7C7XUT3,ZZ finger
A0A7C7Y5J0,Fold-to-fold bridging
A0A7C7YIZ8,ZZ finger
A0A7X7GUH9,ZZ finger
A0A7Y3D7T1,ZZ finger
A0A7Y3DDG0,Fold-to-fold bridging
A0A7Y3GWD6,Fold-to-fold bridging
A0A7Y3M835,ZZ finger
A0A7Z9G8R7,ZZ finger
A0A1I2CCL3,Fold-to-fold bridging
A6GF99,Fold-to-fold bridging
A6GGA7,ZZ finger
A6GJS9,Fold-to-fold bridging
A0A5C7ZTX2,Bacterial dimer
T0CBS3,Bacterial dimer
T0RDQ6,Bacterial dimer
T0RYW6,Bacterial dimer
A0A1J5K7E3,Fold-to-fold bridging
T0RAZ7,Bacterial dimer
A0A1Z3N5Q0,ZZ finger
A0A150WPP9,ZZ finger
A0A2H0WAZ4,ZZ finger
A0A3T0RNW3,ZZ finger
A0A2D5ZV39,Fold-to-fold bridging
A0A2H0Q996,ZZ finger
A0A1F3SRL5,ZZ finger
A0A1F3VA77,ZZ finger
A0A1F3X3W9,Bacterial dimer
A0A1F3XVV8,Bacterial dimer
A0A2E3W293,ZZ finger
A0A2E3XN53,Fold-to-fold bridging
A0A2E4D9Z6,ZZ finger
A0A1Y5F7X1,Fold-to-fold bridging
A0A1Y5FHQ1,ZZ finger
E1WXM4,ZZ finger
A0A2D5YQG1,Fold-to-fold bridging
A0A2E6H2U3,Fold-to-fold bridging
A0A2S3QLP3,Bacterial dimer
A0A2G8HQZ1,ZZ finger
A0A4Z0L0F4,Bacterial dimer
A0A2W4M9F3,ZZ finger
A0A4V2B398,Fold-to-fold bridging
A0A1W9HT56,Bacterial dimer
A0A1W9I3K5,Fold-to-fold bridging
A0A424K8R2,ZZ finger
A0A1G1IVY5,Bacterial dimer
A0A6M1ZCZ0,Bacterial dimer
A0A6M2ACT9,Bacterial dimer
A0A6M1Z3K5,Bacterial dimer
A0A6M2A084,Bacterial dimer
A0A1F8JWK4,Bacterial dimer
A0A1U9NLH9,Fold-to-fold bridging
A0A0B0EII8,Fold-to-fold bridging
A0A286TUA2,Bacterial dimer
Q1Q6V0,Bacterial dimer
A0A1Q2MET2,Fold-to-fold bridging
A0A0S8E952,Fold-to-fold bridging
A0A0S8KK53,Fold-to-fold bridging
A0A3D3UL95,Fold-to-fold bridging
A0A7C1IS36,Fold-to-fold bridging
A0A7C3T5T2,Fold-to-fold bridging
A0A7V2N2F1,Fold-to-fold bridging
A0A7Y4RAC5,Fold-to-fold bridging
A0A353P6V5,Fold-to-fold bridging
A0A2A4P2F3,Fold-to-fold bridging
A0A2D5NES6,Fold-to-fold bridging
A0A2D6A2E9,Fold-to-fold bridging
A0A2E1H726,Bacterial dimer
A0A2E1VRS0,Fold-to-fold bridging
A0A2E1X7U2,Fold-to-fold bridging
A0A2E3A8C0,Fold-to-fold bridging
A0A2E5X7L9,Fold-to-fold bridging
A0A2E6D4G7,Fold-to-fold bridging
A0A2E6NPX7,Fold-to-fold bridging
A0A2E7RLJ0,Fold-to-fold bridging
A0A2G6JFU2,Fold-to-fold bridging
A0A3M2ACD4,Fold-to-fold bridging
A0A4P5XE30,Fold-to-fold bridging
A0A7C2AKV4,Fold-to-fold bridging
A0A7C3EKQ6,Fold-to-fold bridging
A0A7C5EDQ6,Fold-to-fold bridging
A0A7C5Q091,Fold-to-fold bridging
A0A7C7YVX2,Fold-to-fold bridging
A0A7C8AGR3,Fold-to-fold bridging
A0A7V2XGK7,Fold-to-fold bridging
A0A7V7D512,Fold-to-fold bridging
A0A7V7MIF8,Fold-to-fold bridging
A0A7X8IDD5,Fold-to-fold bridging
A0A353FL24,Fold-to-fold bridging
A0A521H8P0,Fold-to-fold bridging
A0A521KA39,Fold-to-fold bridging
A0A523PUF1,Fold-to-fold bridging
A0A660UTZ6,Fold-to-fold bridging
A0A660UZL0,Fold-to-fold bridging
A0A660V9Q7,Fold-to-fold bridging
A0A660VQL6,Fold-to-fold bridging
A0A800E729,Fold-to-fold bridging
A0A800KK32,Fold-to-fold bridging
A0A800N249,Fold-to-fold bridging
A0A1V6G224,Fold-to-fold bridging
A0A1V5N4A3,Fold-to-fold bridging
A0A1V5MYS4,Fold-to-fold bridging
A0A1G2X6B3,Fold-to-fold bridging
A0A1G2XG06,Fold-to-fold bridging
A0A1G2YF46,Fold-to-fold bridging
A0A518D1Z8,Fold-to-fold bridging
A0A518EQB7,Fold-to-fold bridging
A0A1G2YMK7,Fold-to-fold bridging
A0A1G3BGJ0,Fold-to-fold bridging
A0A0S8G1S7,Fold-to-fold bridging
A0A0S8J1C7,Fold-to-fold bridging
A0A1Z8SJX4,Fold-to-fold bridging
A0A1W6LM19,Fold-to-fold bridging
B0SMR4,Fold-to-fold bridging
Q04ST8,Fold-to-fold bridging
A0A6N4QEX4,Fold-to-fold bridging
A0A4R9K957,Fold-to-fold bridging
A0A2M9ZN55,Fold-to-fold bridging
M6YVB3,Fold-to-fold bridging
A0A2M8HRQ6,Fold-to-fold bridging
N1VM61,Fold-to-fold bridging
A0A2E9Q575,Fold-to-fold bridging
A0A1W9VSC9,Bacterial dimer
A0A5C7LNW3,Fold-to-fold bridging
A0A1F6RHI5,Fold-to-fold bridging
A0A1F6QJS1,Fold-to-fold bridging
A0A388TCI8,Fold-to-fold bridging
A0A388TEX5,Fold-to-fold bridging
A0A2D6IMW3,Fold-to-fold bridging
A0A496UR37,Fold-to-fold bridging
A0A522YSX4,Bacterial dimer
A0A661A437,Fold-to-fold bridging
A0A2M7YQL6,Fold-to-fold bridging
A0A2G6G5I3,Fold-to-fold bridging
A0A1Z9BVY6,Fold-to-fold bridging
A0A2H0C4V8,Fold-to-fold bridging
A0A2M7DT38,Bacterial dimer
A0A1G2Y0R5,Fold-to-fold bridging
A0A357BV16,Fold-to-fold bridging
A0A0S7X332,Fold-to-fold bridging
A0A519CE04,Thermoplasmatota fold-to-fold
A0A1Z9I2D8,Thermoplasmatota fold-to-fold
A0A2E7GY55,Thermoplasmatota fold-to-fold
A0A3A5V4U5,Thermoplasmatota fold-to-fold
A0A2A5VNN0,Thermoplasmatota fold-to-fold
A0A327GVC1,Thermoplasmatota fold-to-fold
A0A2E5YCP5,Thermoplasmatota fold-to-fold
A0A2D6DMN4,Thermoplasmatota fold-to-fold
A0A2E7LR89,Thermoplasmatota fold-to-fold
A0A519DGH4,Thermoplasmatota fold-to-fold
A0A7J4HKK3,Thermoplasmatota fold-to-fold
A0A2D7BGF3,Thermoplasmatota fold-to-fold
A0A2E5ZBY9,Thermoplasmatota fold-to-fold
A0A2E4CWL9,Thermoplasmatota fold-to-fold
A0A2D7UYD2,Thermoplasmatota fold-to-fold
A0A2E4WW87,Thermoplasmatota fold-to-fold
A0A2E4JW32,Thermoplasmatota fold-to-fold
A0A2E8NPL2,Thermoplasmatota fold-to-fold
A0A1J5DEK3,ZZ finger
A0A2M8BNB0,ZZ finger
A0A1V5QNA2,Fold-to-fold bridging
A0A7H9MJT3,Bacterial dimer
A0A150WCZ0,Bacterial dimer
A0A829BVW3,Fold-to-fold bridging
M6UGI0,Fold-to-fold bridging
M6VS38,Fold-to-fold bridging
M6Y516,Fold-to-fold bridging
T0FC67,Fold-to-fold bridging
A0A8J7RFZ6,Fold-to-fold bridging
A0A098MYJ0,Fold-to-fold bridging
A0A0C5XCQ1,Fold-to-fold bridging
A0A0E2B405,Fold-to-fold bridging
A0A0E2D4E9,Fold-to-fold bridging
A0A0F6H834,Fold-to-fold bridging
A0A0F6I995,Fold-to-fold bridging
A0A0M4N9I8,Fold-to-fold bridging
A0A1B9FHM7,Fold-to-fold bridging
A0A1N6WIY6,Fold-to-fold bridging
A0A1T1DVW9,Fold-to-fold bridging
A0A2H1XGH2,Fold-to-fold bridging
A0A6L6R0V8,Fold-to-fold bridging
A0A828Y2Y9,Fold-to-fold bridging
A0A829D6S4,Fold-to-fold bridging
A0A867ZGV8,Fold-to-fold bridging
A0A868AW84,Fold-to-fold bridging
A0A8I0U3R0,Fold-to-fold bridging
M3EU49,Fold-to-fold bridging
M3H7F9,Fold-to-fold bridging
M3I354,Fold-to-fold bridging
M6F8L0,Fold-to-fold bridging
M6G861,Fold-to-fold bridging
M6HN23,Fold-to-fold bridging
M6KRD7,Fold-to-fold bridging
M6RIA4,Fold-to-fold bridging
M6X1T2,Fold-to-fold bridging
N1UX82,Fold-to-fold bridging
Q8F3E8,Fold-to-fold bridging
A0A1D7V2G0,Fold-to-fold bridging
A0A2M9XTC8,Fold-to-fold bridging
A0A2M9YM31,Fold-to-fold bridging
A0A2M9YZ09,Fold-to-fold bridging
A0A2N0BC82,Fold-to-fold bridging
A0A4R9L0L4,Fold-to-fold bridging
A0A5F1YRQ6,Fold-to-fold bridging
A0A5F2BBU8,Fold-to-fold bridging
M6CMM3,Fold-to-fold bridging
N1W8F4,Fold-to-fold bridging
T0FUQ2,Fold-to-fold bridging
A0A0E2BBQ2,Fold-to-fold bridging
A0A0E2DTF5,Fold-to-fold bridging
A0A0E3B7N1,Fold-to-fold bridging
A0A0G8BJ00,Fold-to-fold bridging
A0A0M1YU07,Fold-to-fold bridging
A0A3S9KJR8,Fold-to-fold bridging
A0A5F2EJC2,Fold-to-fold bridging
A0A828Z049,Fold-to-fold bridging
K8Y1I2,Fold-to-fold bridging
M3FMC7,Fold-to-fold bridging
M3GRV7,Fold-to-fold bridging
M6AHX1,Fold-to-fold bridging
M6BZX1,Fold-to-fold bridging
M6EFV1,Fold-to-fold bridging
M6FE73,Fold-to-fold bridging
M6JFW5,Fold-to-fold bridging
M6QHV7,Fold-to-fold bridging
M6UUJ8,Fold-to-fold bridging
M6W4W9,Fold-to-fold bridging
M6WQT4,Fold-to-fold bridging
N1TYR4,Fold-to-fold bridging
V6HVC6,Fold-to-fold bridging
A0A2E1Q3M8,Bacterial dimer
A0A1E3XAB4,Fold-to-fold bridging
Q72S85,Fold-to-fold bridging
K6J159,Fold-to-fold bridging
M5V6J6,Fold-to-fold bridging
A0A8J8P565,Fold-to-fold bridging
A0A7X7ET62,Fold-to-fold bridging
A0A8J7YBS1,Fold-to-fold bridging
A0A8J8GHG9,Fold-to-fold bridging
A0A8E8EX11,Fold-to-fold bridging
A0A8J7UMW7,Fold-to-fold bridging
A0A8J7YKT9,Fold-to-fold bridging
A0A8G1H6G7,Fold-to-fold bridging
A0A7K4BZI2,Fold-to-fold bridging
A0A8J8JMP9,Fold-to-fold bridging
A0A8J8TR97,Fold-to-fold bridging
A0A2E5RZU0,Fold-to-fold bridging
A0A2E8PVV0,Fold-to-fold bridging
A0A8J8F1F2,Fold-to-fold bridging
A0A8J8DFG9,Fold-to-fold bridging
A0A8J8EGP3,Fold-to-fold bridging
A0A1F9G6Y1,ZZ finger
A0A8J8A031,Fold-to-fold bridging
A0A8J8P961,Fold-to-fold bridging
A0A8J8CTP3,Fold-to-fold bridging
A0A8J8TBP6,Fold-to-fold bridging
A0A524E8H0,Fold-to-fold bridging
A0A831W2Z9,Bacterial dimer
A0A6A8ATV4,Fold-to-fold bridging
A0A8J8E3T7,Fold-to-fold bridging
A0A1G2YIV9,Fold-to-fold bridging
A0A5E4JHT2,Fold-to-fold bridging
A0A831P1B3,Fold-to-fold bridging
A0A1F9GLG1,Fold-to-fold bridging
A0A8J8CVC0,Fold-to-fold bridging
A0A8J7YJM1,Fold-to-fold bridging
A0A8J7X5Y6,Fold-to-fold bridging
A0A842RMV7,Fold-to-fold bridging
A0A842UFQ0,Fold-to-fold bridging
A0A382ZDL5,Fold-to-fold bridging
A0A8J8J1P3,Fold-to-fold bridging
A0A532TVR1,Fold-to-fold bridging
A0A7J4IVH2,Fold-to-fold bridging
A0A2M6X6B6,Bacterial dimer
A0A842WWZ7,Fold-to-fold bridging
A0A2M9ZDC3,Fold-to-fold bridging
A0A4R9GML6,Fold-to-fold bridging
A0A4V3JCI2,Fold-to-fold bridging
S3UQY5,Fold-to-fold bridging
S3W750,Fold-to-fold bridging
T0FHF5,Fold-to-fold bridging
V6HHX7,Fold-to-fold bridging
A0A5C9EMZ4,Fold-to-fold bridging
X1EPX6,Fold-to-fold bridging
A0A7K4GKH2,Fold-to-fold bridging
A0A2E3XV65,Fold-to-fold bridging
A0A7K4HIJ1,Fold-to-fold bridging
X0ZCW4,Fold-to-fold bridging
A0A2N1UCC2,Fold-to-fold bridging
A0A2N0AHZ0,Fold-to-fold bridging
A0A4R9I195,Fold-to-fold bridging
A0A4R9II19,Fold-to-fold bridging
A0A5F2DK70,Fold-to-fold bridging
A0A6H3P2J7,Fold-to-fold bridging
A0A4R8MQL3,Fold-to-fold bridging
A0A4R9IY18,Fold-to-fold bridging
A0A6D2A794,Fold-to-fold bridging
A0A4R9JG39,Fold-to-fold bridging
A0A4Z1AAV8,Fold-to-fold bridging
X1RQN5,Fold-to-fold bridging
A0A2M9XYU3,Fold-to-fold bridging
A0A2N0AUS7,Fold-to-fold bridging
A0A2P2DCH1,Fold-to-fold bridging
A0A4R9JU60,Fold-to-fold bridging
A0A4R9LJ18,Fold-to-fold bridging
A0A4Z1A137,Fold-to-fold bridging
A0A5E8HCX5,Fold-to-fold bridging
A0A7I0HSB2,Fold-to-fold bridging
N1W469,Fold-to-fold bridging
R9A929,Fold-to-fold bridging
A0A532UGV6,Fold-to-fold bridging
A0A2M6WB37,Fold-to-fold bridging
A0A497Q9G7,Fold-to-fold bridging
A0A2D6F216,Fold-to-fold bridging
A0A2M9XC52,Fold-to-fold bridging
A0A2M9YF63,Fold-to-fold bridging
A0A2M9ZW33,Fold-to-fold bridging
A0A2N0BT62,Fold-to-fold bridging
A0A2P2CZG5,Fold-to-fold bridging
A0A4R9FQ18,Fold-to-fold bridging
A0A4R9FXZ6,Fold-to-fold bridging
A0A4R9HBA0,Fold-to-fold bridging
A0A4R9J4L6,Fold-to-fold bridging
A0A4R9K179,Fold-to-fold bridging
A0A4Z1AFK2,Fold-to-fold bridging
A0A5F1ZPV8,Fold-to-fold bridging
A0A5F2DZT8,Fold-to-fold bridging
I0XMV3,Fold-to-fold bridging
M6CYJ4,Fold-to-fold bridging
A0A2H0QFA2,Fold-to-fold bridging
A0A0B5HNK5,Fold-to-fold bridging
A0A7J4ISK7,Fold-to-fold bridging
A0A3C0VFA2,Fold-to-fold bridging
A0A8J8BP93,Fold-to-fold bridging
A0A8J8A9S1,Fold-to-fold bridging
A0A524C7F5,Fold-to-fold bridging
A0A8J8EW64,Fold-to-fold bridging
X1C569,Fold-to-fold bridging
A0A2G9N2E6,Fold-to-fold bridging
A0A2G9P5J0,Fold-to-fold bridging
A0A2H9QEH3,Fold-to-fold bridging
A0A3D4Z4S7,Bacterial dimer
A0A8J8A6E3,Fold-to-fold bridging
A0A4Q6EML3,Bacterial dimer
A0A842R1P2,Fold-to-fold bridging
A0A8J8ECR9,Fold-to-fold bridging
A0A524EYX9,Fold-to-fold bridging
A0A4R9M2J2,Fold-to-fold bridging
A0A534NEC9,Fold-to-fold bridging
A0A5C6DKL3,Fold-to-fold bridging
A0A497SHD0,Fold-to-fold bridging
A0A5C9E226,Fold-to-fold bridging
A0A0F9N7H2,Fold-to-fold bridging
A0A7J2QWE2,Fold-to-fold bridging
A0A7Y6PXF0,Fold-to-fold bridging
A0A1H3IXF0,Fold-to-fold bridging
A0A8J8DXT3,Fold-to-fold bridging
A0A286U2I5,Fold-to-fold bridging
X0SUQ6,Fold-to-fold bridging
A0A0F9JBD6,Fold-to-fold bridging
A0A7C1LPF3,Fold-to-fold bridging
A0A7C1KMI7,Fold-to-fold bridging
A0A1G2X1Z7,Bacterial dimer
A0A1G3BII4,Bacterial dimer
A0A1G3CEY0,Bacterial dimer
A0A1G3CIR7,Bacterial dimer
A0A1G3CMW1,Bacterial dimer
A0A7J4BB95,Fold-to-fold bridging
A0A534NQI6,Fold-to-fold bridging
A0A0F9SH49,Fold-to-fold bridging
A0A7J2PRZ4,Fold-to-fold bridging
A0A1G3C302,Bacterial dimer
A0A0F9KN99,Fold-to-fold bridging
A0A1Q7EU55,Fold-to-fold bridging
A0A1Q7JG93,Fold-to-fold bridging
A0A1Q7Q3U2,Fold-to-fold bridging
A0A1Q7Z2V5,Fold-to-fold bridging
A0A534UTD8,Fold-to-fold bridging
A0A538QLF7,Fold-to-fold bridging
A0A524FH96,Fold-to-fold bridging
A0A7W0WZ13,Fold-to-fold bridging
A0A8J8E2X5,Fold-to-fold bridging
A0A8J8EVA8,Fold-to-fold bridging
A0A8J8JHE4,Fold-to-fold bridging
A0A2E9CFW5,Fold-to-fold bridging
A0A2D5XZJ0,Fold-to-fold bridging
A0A2E5YFT3,Bacterial dimer
A0A497Q3V1,Fold-to-fold bridging
A0A1F3Y6H6,Bacterial dimer
A0A842U6F9,Fold-to-fold bridging
A0A8I2A1S4,Fold-to-fold bridging
A0A7W0VK42,Fold-to-fold bridging
A0A524DMA9,Fold-to-fold bridging
A0A8J8P872,Fold-to-fold bridging
A0A1G2WP93,Fold-to-fold bridging
A0A1G2XKE9,Fold-to-fold bridging
A0A1G3B3S3,Fold-to-fold bridging
A0A1G3C3L5,Fold-to-fold bridging
A0A3M2ATE9,Bacterial dimer
A0A0B0EK37,Bacterial dimer
A0A5C6D6E3,Bacterial dimer
A0A7W0Q2Q3,Fold-to-fold bridging
A0A842URA9,Fold-to-fold bridging
A0A1W9HK35,Bacterial dimer
A0A1N7F860,Fold-to-fold bridging
A0A0F9ELD6,Fold-to-fold bridging
A0A7J2R5Q5,Fold-to-fold bridging
A0A0F9MHI1,Bacterial dimer
A0A7C1KLX5,Bacterial dimer
A0A842UHL0,Fold-to-fold bridging
A0A850GNR3,Fold-to-fold bridging
A0A0B3AUF0,Fold-to-fold bridging
A0A0M0BKB4,Fold-to-fold bridging
A0A523SLD0,Bacterial dimer
A0A8J8AAC0,Fold-to-fold bridging
A0A523U8B5,Fold-to-fold bridging
A0A850G3Q3,Fold-to-fold bridging
A0A1G3PAP0,Bacterial dimer
A0A352V7Z6,Bacterial dimer
A0A651GSQ8,Fold-to-fold bridging
A0A8J3AB48,Fold-to-fold bridging
A0A7J4I684,Fold-to-fold bridging
A0A2P2E1Q2,Fold-to-fold bridging
A0A7J3E3C0,Fold-to-fold bridging
A0A8J8AIE8,Fold-to-fold bridging
A0A7K4GWT1,Fold-to-fold bridging
A0A7M3MNJ9,Fold-to-fold bridging
A0A2W4J0W2,Fold-to-fold bridging
A0A1Q9PCV8,Fold-to-fold bridging
A0A524FRC2,Fold-to-fold bridging
A0A7V1N960,Bacterial dimer
A0A7W1RLJ1,Fold-to-fold bridging
A0A7W0VSJ5,Fold-to-fold bridging
X1A3E6,Fold-to-fold bridging
A0A0F9G6G4,Fold-to-fold bridging
A0A7C1LPI8,Fold-to-fold bridging
A0A7C1UYJ2,Fold-to-fold bridging
A0A2E7GHL6,Bacterial dimer
A0A4V3JWN3,Fold-to-fold bridging
A0A7J4IA08,Fold-to-fold bridging
A0A7C7ZJY5,Bacterial dimer
A0A1F9MS20,Fold-to-fold bridging
A0A523W175,Fold-to-fold bridging
A0A532TFW0,Fold-to-fold bridging
A0A7C3XTR3,Bacterial dimer
A0A524E2Z5,Fold-to-fold bridging
A0A842RXA6,Fold-to-fold bridging
A0A0F9AH49,Bacterial dimer
A0A524G9Q8,Fold-to-fold bridging
A0A524CUC3,Fold-to-fold bridging
A0A7K4GXS5,Fold-to-fold bridging
A0A0C2CN73,Fold-to-fold bridging
A0A2D6MMU7,Bacterial dimer
A0A8J7YEH9,Fold-to-fold bridging
A0A842QEA7,Fold-to-fold bridging
A0A7J2RB97,Fold-to-fold bridging
A0A2N1SIW4,Bacterial dimer
A0A0F9KZN1,Fold-to-fold bridging
A0A534NQU5,Fold-to-fold bridging
A0A522Z6R6,Fold-to-fold bridging
A0A1Q2HPZ7,Fold-to-fold bridging
A0A539EFE7,Fold-to-fold bridging
A0A0F8VEB5,Fold-to-fold bridging
A0A0F9PQ32,Fold-to-fold bridging
A0A7J2PRK2,Fold-to-fold bridging
A0A7C5J2E6,Fold-to-fold bridging
A0A832UPC6,Fold-to-fold bridging
A0A832V5Z9,Fold-to-fold bridging
A0A524M6I4,Fold-to-fold bridging
A0A523REB4,Fold-to-fold bridging
A0A534VYK3,Fold-to-fold bridging
A0A2D6WX84,Fold-to-fold bridging
A0A7K1I956,Fold-to-fold bridging
A0A524FFR6,Fold-to-fold bridging
A0A1Q9NIW5,Fold-to-fold bridging
A0A2D6NEM9,Fold-to-fold bridging
A0A0B3AIX9,Fold-to-fold bridging
A0A842NSY6,Fold-to-fold bridging
A0A1F8JBD1,Bacterial dimer
A0A0K1PEE4,Fold-to-fold bridging
A0A1Q9N5X0,Fold-to-fold bridging
A0A7C3WHW2,Fold-to-fold bridging
A0A842T4M6,Fold-to-fold bridging
A0A7C3M469,Fold-to-fold bridging
A0A534PZD2,Fold-to-fold bridging
A0A8B3ST15,Bacterial dimer
A0A3L6JLC1,Fold-to-fold bridging
A0A523VWN5,Fold-to-fold bridging
A0A1Q7M6V4,Fold-to-fold bridging
A0A534UNA7,Fold-to-fold bridging
M0NGC3,Fold-to-fold bridging
A0A523S0R4,Fold-to-fold bridging
A0A2P6W1N7,Fold-to-fold bridging
A0A2P6W4W1,Fold-to-fold bridging
A0A2P6W9G8,Fold-to-fold bridging
A0A2P6WB43,Fold-to-fold bridging
A0A849QGL7,Fold-to-fold bridging
A0A1Q9NEZ9,Fold-to-fold bridging
M0MY02,Fold-to-fold bridging
A0A524LK47,Fold-to-fold bridging
M0NET3,Fold-to-fold bridging
A0A6G7GTJ9,Bacterial dimer
A0A1G2ZJ06,Bacterial dimer
A0A2C9CBK7,Bacterial dimer
A0A1S6H1R8,Fold-to-fold bridging
A0A7X9FPL7,Bacterial dimer
A0A7V4S4G2,Bacterial dimer
A0A2E9PQC6,Bacterial dimer
A0A524K7R2,Bacterial dimer
A0A539ELE4,Bacterial dimer
A0A1Q9P2N0,Fold-to-fold bridging
A0A353CX55,Fold-to-fold bridging
A0A8J7TJK6,Fold-to-fold bridging
A0A6M1YF76,Bacterial dimer
A0A356KCT9,Fold-to-fold bridging
A0A7L4RC86,Fold-to-fold bridging
A0A7Y3J330,Bacterial dimer
M0MUD7,Fold-to-fold bridging
A0A355E283,Bacterial dimer
A0A832UX73,Fold-to-fold bridging
A0A365T7K8,Fold-to-fold bridging
A0A7C7YQN0,Fold-to-fold bridging
A0A2A5DHI0,Bacterial dimer
A0A523Z8N1,Fold-to-fold bridging
A0A7C4GHG0,Fold-to-fold bridging
A0A382C7D0,Fold-to-fold bridging
A0A1F9L9J2,Bacterial dimer
A0A151EEH2,Fold-to-fold bridging
A0A842XSH6,Fold-to-fold bridging
A0A524G416,Fold-to-fold bridging
A0A842SQS3,Fold-to-fold bridging
A0A2D6NWY2,Fold-to-fold bridging
A0A1G3YFZ0,Bacterial dimer
A0A3D3FS87,Bacterial dimer
A0A432IE34,Fold-to-fold bridging
A0A432H5E1,Fold-to-fold bridging
A0A7C3R9M7,Fold-to-fold bridging
A0A7K4CMB7,Fold-to-fold bridging
A0A8J6XZ43,Fold-to-fold bridging
A0A524J7R6,Fold-to-fold bridging
A0A7C3ZG32,Fold-to-fold bridging
A0A0F9T4K7,Bacterial dimer
A0A660ZXP1,Fold-to-fold bridging
A0A2H0RYN2,Fold-to-fold bridging
A0A2E3XTR4,ZZ finger
A0A2D5ZU05,Bacterial dimer
A0A8J7U6J6,Fold-to-fold bridging
A0A365T5Q6,Fold-to-fold bridging
A0A7J4V546,Fold-to-fold bridging
H2CFS2,Fold-to-fold bridging
A0A7C1TCQ0,Fold-to-fold bridging
A0A833H2J8,Fold-to-fold bridging
A0A1G2XTA8,Bacterial dimer
A0A6M1ZCZ7,Bacterial dimer
A0A7C7H6C6,Fold-to-fold bridging
A0A850GJH6,Bacterial dimer
A0A1F9WYX0,Bacterial dimer
A0A842SE10,Fold-to-fold bridging
Q6MIV3,ZZ finger
A0A0F9UZQ9,Fold-to-fold bridging
K7ZBU6,ZZ finger
A0A1F3SVH3,Bacterial dimer
A0A534QV65,Fold-to-fold bridging
A0A2M7S363,Bacterial dimer
A0A7J2ZLQ5,Fold-to-fold bridging
A0A1W9N6V1,Bacterial dimer
A0A8J7QKA2,Fold-to-fold bridging
A0A2E6ELJ5,Bacterial dimer
A0A1F9XAK9,Bacterial dimer
A0A1F9UH74,Bacterial dimer
A0A523VQR1,Fold-to-fold bridging
A0A2A5A6T5,Fold-to-fold bridging
A0A842MTQ9,Fold-to-fold bridging
A0A1F9HA48,Bacterial dimer
A0A7C4F236,Fold-to-fold bridging
A0A842YQ84,Fold-to-fold bridging
A0A1J4UU12,Fold-to-fold bridging
A0A2G9NZ39,Fold-to-fold bridging
A0A3D2C7U9,Bacterial dimer
A0A3M2F8B9,Fold-to-fold bridging
A0A7C5AAS0,Fold-to-fold bridging
A0A2E7RLV0,Bacterial dimer
A0A5E4I5J6,Fold-to-fold bridging
A0A1F9XKH0,Bacterial dimer
A0A2D7PHW0,Fold-to-fold bridging
A0A2G9PKP6,Fold-to-fold bridging
A0A2H9Q9I2,Fold-to-fold bridging
A0A2H9SB56,Fold-to-fold bridging
A0A1F3V8J0,Bacterial dimer
A0A1F9YZ31,Fold-to-fold bridging
A0A5E4JTX3,Fold-to-fold bridging
A0A522E257,Fold-to-fold bridging
A0A1F9ZV37,Fold-to-fold bridging
A0A2E5YTP9,Fold-to-fold bridging
A0A2M6Z2P5,Fold-to-fold bridging
A0A358V0T9,Fold-to-fold bridging
A0A7C7ZK60,Fold-to-fold bridging
A0A554IS48,Fold-to-fold bridging
A0A2D7DKM0,Fold-to-fold bridging
A0A424KA57,Fold-to-fold bridging
A0A7C3U3I2,Fold-to-fold bridging
D2EFI3,Fold-to-fold bridging
A0A2D5WBB2,Fold-to-fold bridging
A0A2D6Q7B9,Fold-to-fold bridging
A0A7C8DLG5,ZZ finger
A0A5E4LTC7,Fold-to-fold bridging
A0A1F9U9V2,Bacterial dimer
A0A1F9V6N1,Bacterial dimer
A0A7C4JA02,Fold-to-fold bridging
A0A2D7DNC7,ZZ finger
A0A1G2WND1,Bacterial dimer
A0A1G3B2D1,Bacterial dimer
A0A1G3C6W1,Bacterial dimer
A0A5E4LPW5,Fold-to-fold bridging
A0A2D5B233,Fold-to-fold bridging
A0A0F9LSQ3,Rab GTPase
A0A2M7B213,Bacterial dimer
A0A7J3XE31,Fold-to-fold bridging
A0A7C7YJF2,Fold-to-fold bridging
A0A2I0Q7B9,Bacterial dimer
A0A534YS46,ZZ finger
A0A523DGR1,Fold-to-fold bridging
A0A5E4JFQ7,Fold-to-fold bridging
A0A0F9RHQ8,Fold-to-fold bridging
A0A518BNL0,Fold-to-fold bridging
A0A523IPI7,Fold-to-fold bridging
A0A849PKT5,Fold-to-fold bridging
A0A7W0VF60,ZZ finger
A0A0F9RBX3,Rab GTPase
A0A7C1M637,Rab GTPase
A0A2H9L751,Fold-to-fold bridging
A0A2H9LXD1,Fold-to-fold bridging
A0A2D6HHA6,Fold-to-fold bridging
A0A7C7U8G6,ZZ finger
A0A0F9TVW3,Rab GTPase
A0A7J2PR60,Rab GTPase
A0A847F3G7,ZZ finger
A0A1S6H1G1,Bacterial dimer
A0A1J4VY00,Fold-to-fold bridging
A0A2G9NV83,Fold-to-fold bridging
A0A2D5XMR4,Fold-to-fold bridging
A0A2E3NG42,Bacterial dimer
A0A0F9NID7,Fold-to-fold bridging
