label,organism_protein
A0A063ZTS2,Halostagnicola sp. A56 | A0A063ZTS2
A0A081ES94,Halorubrum saccharovorum | A0A081ES94
A0A097QWD9,Thermococcus eurythermalis | A0A097QWD9
A0A0B3AAJ7,Archaeon GW2011_AR4 | A0A0B3AAJ7
A0A0B3AHA4,Archaeon GW2011_AR11 | A0A0B3AHA4
A0A0B3AMP7,archaeon GW2011_AR6 | A0A0B3AMP7
A0A0B3AXW7,Archaeon GW2011_AR13 | A0A0B3AXW7
A0A0B3B4K7,Archaeon GW2011_AR18 | A0A0B3B4K7
A0A0B5GM27,Haloarcula sp. CBA1115 | A0A0B5GM27
A0A0B5HZ25,Archaeon GW2011_AR20 | A0A0B5HZ25
A0A0B5I1L7,Archaeon GW2011_AR15 | A0A0B5I1L7
A0A0D6JND7,Haloferax massiliensis | A0A0D6JND7
A0A0F7PG32,Halanaeroarchaeum sulfurireducens | A0A0F7PG32
A0A0K1IPY9,Haloferax gibbonsii | A0A0K1IPY9
A0A0M9AMB6,Haloarcula rubripromontorii | A0A0M9AMB6
A0A0M9AS20,Halorubrum tropicale | A0A0M9AS20
A0A0N0BQL8,Halorubrum tropicale | A0A0N0BQL8
A0A0P7GMZ7,Halolamina pelagica | A0A0P7GMZ7
A0A0Q2QRD6,Thermococcus thioreducens | A0A0Q2QRD6
A0A0U5D191,Halobacterium hubeiense | A0A0U5D191
A0A0U5D251,Halobacterium hubeiense | A0A0U5D251
A0A0U5H5P3,Halobacterium hubeiense | A0A0U5H5P3
A0A0W1R3Z6,Haloprofundus marisrubri | A0A0W1R3Z6
A0A0W1STI9,Haloferax profundi | A0A0W1STI9
A0A0X1KKW0,Thermococcus guaymasensis DSM 11113 | A0A0X1KKW0
A0A124EBG8,Thermococcus celericrescens | A0A124EBG8
A0A133VKQ4,candidate division MSBL1 archaeon SCGC-AAA382A20 | A0A133VKQ4
A0A135VIL6,Candidatus Thorarchaeota archaeon SMTZ1-83 | A0A135VIL6
A0A135VRW9,Candidatus Thorarchaeota archaeon SMTZ1-45 | A0A135VRW9
A0A142CXH1,Thermococcus peptonophilus | A0A142CXH1
A0A151A8D9,Halalkalicoccus paucihalophilus | A0A151A8D9
A0A151A8F6,Halalkalicoccus paucihalophilus | A0A151A8F6
A0A151A9H5,Halalkalicoccus paucihalophilus | A0A151A9H5
A0A151AAS1,Halalkalicoccus paucihalophilus | A0A151AAS1
A0A151AGZ3,Halalkalicoccus paucihalophilus | A0A151AGZ3
A0A161ZNN7,Haladaptatus sp. R4 | A0A161ZNN7
A0A165L5R7,Haloarcula sp. K1 | A0A165L5R7
A0A165LI09,Haloarcula sp. K1 | A0A165LI09
A0A166G4L7,Haloarcula sp. K1 | A0A166G4L7
A0A166RM48,Haladaptatus sp. R4 | A0A166RM48
A0A1D2Q8Q6,Haladaptatus sp. W1 | A0A1D2Q8Q6
A0A1D2QB17,Haladaptatus sp. W1 | A0A1D2QB17
A0A1D2QBN8,Haladaptatus sp. W1 | A0A1D2QBN8
A0A1D2QII9,Haladaptatus sp. W1 | A0A1D2QII9
A0A1D2QK59,Haladaptatus sp. W1 | A0A1D2QK59
A0A1D8MQW2,Nanohaloarchaea archaeon SG9 | A0A1D8MQW2
A0A1D8S744,Halodesulfurarchaeum formicicum | A0A1D8S744
A0A1F6Z251,Candidatus Pacearchaeota archaeon RBG_19FT_COMBO_34_9 | A0A1F6Z251
A0A1F6ZC06,Candidatus Pacearchaeota archaeon RBG_13_33_26 | A0A1F6ZC06
A0A1G6NUX2,Haloterrigena hispanica | A0A1G6NUX2
A0A1G7GY70,Halorientalis regularis | A0A1G7GY70
A0A1G7RI57,Halorubrum xinjiangense | A0A1G7RI57
A0A1G8TKY1,Halovenus aranensis | A0A1G8TKY1
A0A1G9GB26,Natronorubrum texcoconense | A0A1G9GB26
A0A1G9PJQ8,Halogranum gelatinilyticum | A0A1G9PJQ8
A0A1G9SIM0,Haloarchaeobius iranensis | A0A1G9SIM0
A0A1H1EAJ6,Halopelagius longus | A0A1H1EAJ6
A0A1H1HWW5,Natronobacterium texcoconense | A0A1H1HWW5
A0A1H2SGR0,Haloarcula vallismortis | A0A1H2SGR0
A0A1H3ABB9,Haloarcula vallismortis | A0A1H3ABB9
A0A1H3EK51,Halobellus clavatus | A0A1H3EK51
A0A1H3FXI0,Halopenitus persicus | A0A1H3FXI0
A0A1H3J092,Halobellus clavatus | A0A1H3J092
A0A1H3NXB2,Halopenitus persicus | A0A1H3NXB2
A0A1H3Z6Q1,Haloplanus vescus | A0A1H3Z6Q1
A0A1H3ZW45,Haloplanus vescus | A0A1H3ZW45
A0A1H4AA03,Haloplanus vescus | A0A1H4AA03
A0A1H5WDE9,Halobellus limi | A0A1H5WDE9
A0A1H6CCZ6,Halobellus limi | A0A1H6CCZ6
A0A1H6G4T3,Natronorubrum sediminis | A0A1H6G4T3
A0A1H6HSI5,Halopenitus malekzadehii | A0A1H6HSI5
A0A1H6RCI3,Halohasta litchfieldiae | A0A1H6RCI3
A0A1H7L5E4,Haloferax larsenii | A0A1H7L5E4
A0A1H8IL87,Halorientalis persicus | A0A1H8IL87
A0A1H8MQB7,Halorientalis persicus | A0A1H8MQB7
A0A1H8QLS1,Halogranum amylolyticum | A0A1H8QLS1
A0A1H8VL74,Halorientalis persicus | A0A1H8VL74
A0A1H9IX86,Natrinema salaciae | A0A1H9IX86
A0A1I0PU93,Halobacterium jilantaiense | A0A1I0PU93
A0A1I0QGT7,Halopiger salifodinae | A0A1I0QGT7
A0A1I1H7F4,Halobiforma haloterrestris | A0A1I1H7F4
A0A1I1L4Q6,Halobiforma haloterrestris | A0A1I1L4Q6
A0A1I2LLW9,Halopelagius inordinatus | A0A1I2LLW9
A0A1I2WB69,Halopelagius inordinatus | A0A1I2WB69
A0A1I3B8U1,Halorubrum aquaticum | A0A1I3B8U1
A0A1I3NNZ6,Natronobacterium gregoryi | A0A1I3NNZ6
A0A1I4G9M3,Halogranum rubrum | A0A1I4G9M3
A0A1I6FK86,Halorubrum sodomense | A0A1I6FK86
A0A1I6FUI6,Halogeometricum limi | A0A1I6FUI6
A0A1I6G030,Halogeometricum rufum | A0A1I6G030
A0A1I6KB96,Halomicrobium zhouii | A0A1I6KB96
A0A1I6P7E5,Halostagnicola kamekurae | A0A1I6P7E5
A0A1J4LPZ6,Natrialba sp. SSL1 | A0A1J4LPZ6
A0A1J4UJF4,Candidatus Micrarchaeota archaeon CG1_02_51_15 | A0A1J4UJF4
A0A1J4VXJ4,Candidatus Pacearchaeota archaeon CG1_02_31_27 | A0A1J4VXJ4
A0A1J4W1A3,Candidatus Pacearchaeota archaeon CG1_02_35_32 | A0A1J4W1A3
A0A1J4W298,Candidatus Pacearchaeota archaeon CG1_02_39_14 | A0A1J4W298
A0A1J4XXG0,Candidatus Woesearchaeota archaeon CG1_02_33_12 | A0A1J4XXG0
A0A1J4ZF27,Candidatus Pacearchaeota archaeon CG1_02_32_132 | A0A1J4ZF27
A0A1M5QHD7,Halobaculum gomorrense | A0A1M5QHD7
A0A1M6ZY81,Haladaptatus paucihalophilus DX253 | A0A1M6ZY81
A0A1M7B0G7,Haladaptatus paucihalophilus DX253 | A0A1M7B0G7
A0A1N7BQP2,Haladaptatus litoreus | A0A1N7BQP2
A0A1N7CJQ4,Haladaptatus litoreus | A0A1N7CJQ4
A0A1N7ELE7,Haladaptatus litoreus | A0A1N7ELE7
A0A1N7EMX5,Haladaptatus litoreus | A0A1N7EMX5
A0A1N7EWW1,Haladaptatus litoreus | A0A1N7EWW1
A0A1N7EYK6,Haladaptatus litoreus | A0A1N7EYK6
A0A1N7EZX5,Natronorubrum thiooxidans | A0A1N7EZX5
A0A1N7F9P1,Haloterrigena daqingensis | A0A1N7F9P1
A0A1N7FFA6,Haladaptatus litoreus | A0A1N7FFA6
A0A1Q1FJI3,Halorientalis sp. IM1011 | A0A1Q1FJI3
A0A1Q9NJ58,Heimdallarchaeota archaeon (strain LC_2) | A0A1Q9NJ58
A0A1Q9P034,Thorarchaeota archaeon (strain AB_25) | A0A1Q9P034
A0A1Q9PF12,Candidatus Heimdallarchaeota archaeon AB_125 | A0A1Q9PF12
A0A1S6GXX4,uncultured archaeon | A0A1S6GXX4
A0A1S6H1E5,uncultured archaeon | A0A1S6H1E5
A0A1S6H9N7,uncultured archaeon | A0A1S6H9N7
A0A1S6HEP4,uncultured archaeon | A0A1S6HEP4
A0A1S8B0B8,Haloterrigena saccharevitans | A0A1S8B0B8
A0A1U7EU63,Natronomonas pharaonis (strain ATCC 35678 / DSM 2160 / CIP 103997 / JCM 8858 / NBRC 14720 / NCIMB 2260 / Gabara) | A0A1U7EU63
A0A1V5TQF5,Candidatus Diapherotrites archaeon ADurb.Bin253 | A0A1V5TQF5
A0A1X4H9D8,Halorubrum ezzemoulense DSM 17463 | A0A1X4H9D8
A0A1Y3A6C6,Halorubrum sp. SD683 | A0A1Y3A6C6
A0A1Y3AJJ9,Halorubrum sp. SD612 | A0A1Y3AJJ9
A0A1Z2TMB6,Thermococcus sp. 5-4 | A0A1Z2TMB6
A0A202E5N3,Natronolimnobius baerhuensis | A0A202E5N3
A0A218P3Q6,Thermococcus celer Vu 13 = JCM 8558 | A0A218P3Q6
A0A218P8Q1,Thermococcus pacificus | A0A218P8Q1
A0A218PEF3,Thermococcus sp. P6 | A0A218PEF3
A0A238WDZ3,Halorubrum vacuolatum | A0A238WDZ3
A0A238X234,Halorubrum chaoviator (strain DSM 11365 / JCM 9573 / AUS-1) | A0A238X234
A0A238X3F0,Halorubrum vacuolatum | A0A238X3F0
A0A256HEQ5,Halorubrum sp. Ib24 | A0A256HEQ5
A0A256HII9,Halorubrum sp. Hd13 | A0A256HII9
A0A256HTZ0,Halorubrum sp. Eb13 | A0A256HTZ0
A0A256HV59,Halorubrum sp. Ea8 | A0A256HV59
A0A256HYL0,Halorubrum sp. Ea1 | A0A256HYL0
A0A256IG49,Halorubrum halodurans | A0A256IG49
A0A256JLX2,Halorubrum ezzemoulense | A0A256JLX2
A0A256KDR0,Halorubrum sp. E3 | A0A256KDR0
A0A256KI76,Halorubrum distributum | A0A256KI76
A0A256XU48,Candidatus Woesearchaeota archaeon ex4484_78 | A0A256XU48
A0A256Y3L8,Candidatus Aenigmarchaeota archaeon ex4484_52 | A0A256Y3L8
A0A256YB44,Candidatus Pacearchaeota archaeon ex4484_31 | A0A256YB44
A0A256ZZW0,Candidatus Aenigmarchaeota archaeon ex4484_14 | A0A256ZZW0
A0A285P3L2,Natronoarchaeum philippinense | A0A285P3L2
A0A2A2F9W7,Halorubrum salipaludis | A0A2A2F9W7
A0A2A2FDG5,Halorubrum salipaludis | A0A2A2FDG5
A0A2A5QYS2,Natrinema ejinorense | A0A2A5QYS2
A0A2B7GTP7,Natrinema sp. CBA1119 | A0A2B7GTP7
A0A2D5V1C9,Candidatus Woesearchaeota archaeon | A0A2D5V1C9
A0A2D5XD57,Candidatus Woesearchaeota archaeon | A0A2D5XD57
A0A2D6F200,archaeon | A0A2D6F200
A0A2D6KD04,Candidatus Pacearchaeota archaeon | A0A2D6KD04
A0A2D6L4A9,Candidatus Pacearchaeota archaeon | A0A2D6L4A9
A0A2D6MJ46,Candidatus Pacearchaeota archaeon | A0A2D6MJ46
A0A2D6NCI1,Candidatus Pacearchaeota archaeon | A0A2D6NCI1
A0A2D6P4N4,archaeon | A0A2D6P4N4
A0A2D6PD18,archaeon | A0A2D6PD18
A0A2D6Q8E4,Candidatus Pacearchaeota archaeon | A0A2D6Q8E4
A0A2D6RKK9,archaeon | A0A2D6RKK9
A0A2D6SQC9,Candidatus Woesearchaeota archaeon | A0A2D6SQC9
A0A2D6TIU0,Candidatus Woesearchaeota archaeon | A0A2D6TIU0
A0A2D6TNM1,Candidatus Pacearchaeota archaeon | A0A2D6TNM1
A0A2D6U115,Candidatus Pacearchaeota archaeon | A0A2D6U115
A0A2D6W4P7,archaeon | A0A2D6W4P7
A0A2E9LGY5,Candidatus Pacearchaeota archaeon | A0A2E9LGY5
A0A2G1WKG9,Halorubrum persicum | A0A2G1WKG9
A0A2G1WM39,Halorubrum persicum | A0A2G1WM39
A0A2G1WMH2,Halorubrum persicum | A0A2G1WMH2
A0A2G1WVC5,Halorubrum sp. C191 | A0A2G1WVC5
A0A2G1WXA7,Halorubrum sp. C191 | A0A2G1WXA7
A0A2G1WZV7,Halorubrum sp. C3 | A0A2G1WZV7
A0A2G1X8N7,Halorubrum sp. C3 | A0A2G1X8N7
A0A2G9LUD0,Candidatus Woesearchaeota archaeon CG11_big_fil_rev_8_21_14_0_20_43_8 | A0A2G9LUD0
A0A2G9LVZ1,Candidatus Woesearchaeota archaeon CG11_big_fil_rev_8_21_14_0_20_57_5 | A0A2G9LVZ1
A0A2G9M6A5,Candidatus Woesearchaeota archaeon CG10_big_fil_rev_8_21_14_0_10_45_16 | A0A2G9M6A5
A0A2G9MBT1,Candidatus Woesearchaeota archaeon CG10_big_fil_rev_8_21_14_0_10_36_11 | A0A2G9MBT1
A0A2G9MDS7,Candidatus Woesearchaeota archaeon CG10_big_fil_rev_8_21_14_0_10_34_12 | A0A2G9MDS7
A0A2G9MFA4,Candidatus Woesearchaeota archaeon CG10_big_fil_rev_8_21_14_0_10_33_12 | A0A2G9MFA4
A0A2G9MNS0,Candidatus Woesearchaeota archaeon CG10_big_fil_rev_8_21_14_0_10_32_9 | A0A2G9MNS0
A0A2G9MS88,Candidatus Woesearchaeota archaeon CG10_big_fil_rev_8_21_14_0_10_30_7 | A0A2G9MS88
A0A2G9N4L4,Candidatus Woesearchaeota archaeon CG10_big_fil_rev_8_21_14_0_10_44_13 | A0A2G9N4L4
A0A2G9NGQ0,Candidatus Pacearchaeota archaeon CG10_big_fil_rev_8_21_14_0_10_32_14 | A0A2G9NGQ0
A0A2G9NHB9,Candidatus Pacearchaeota archaeon CG10_big_fil_rev_8_21_14_0_10_35_13 | A0A2G9NHB9
A0A2G9NI47,Candidatus Pacearchaeota archaeon CG10_big_fil_rev_8_21_14_0_10_34_76 | A0A2G9NI47
A0A2G9NMS0,Candidatus Pacearchaeota archaeon CG10_big_fil_rev_8_21_14_0_10_31_59 | A0A2G9NMS0
A0A2G9NQI6,Candidatus Pacearchaeota archaeon CG10_big_fil_rev_8_21_14_0_10_31_24 | A0A2G9NQI6
A0A2G9PBT6,archaeon CG10_big_fil_rev_8_21_14_0_10_43_11 | A0A2G9PBT6
A0A2G9PZ11,Candidatus Pacearchaeota archaeon CG10_big_fil_rev_8_21_14_0_10_34_12 | A0A2G9PZ11
A0A2G9Q074,Candidatus Woesearchaeota archaeon CG08_land_8_20_14_0_20_43_7 | A0A2G9Q074
A0A2H5A1U4,Haloarcula taiwanensis | A0A2H5A1U4
A0A2H5UVZ0,archaeon HR01 | A0A2H5UVZ0
A0A2H5V7B8,archaeon HR03 | A0A2H5V7B8
A0A2H6H102,archaeon BMS3Abin17 | A0A2H6H102
A0A2H9L4R6,Candidatus Diapherotrites archaeon CG09_land_8_20_14_0_10_32_12 | A0A2H9L4R6
A0A2H9LQZ2,Candidatus Woesearchaeota archaeon CG06_land_8_20_14_3_00_33_13 | A0A2H9LQZ2
A0A2H9MH16,Candidatus Aenigmarchaeota archaeon CG01_land_8_20_14_3_00_37_9 | A0A2H9MH16
A0A2H9MZL1,Candidatus Aenigmarchaeota archaeon CG15_BIG_FIL_POST_REV_8_21_14_020_37_27 | A0A2H9MZL1
A0A2H9NGD1,Candidatus Aenigmarchaeota archaeon CG_4_8_14_3_um_filter_37_24 | A0A2H9NGD1
A0A2H9NRT6,Candidatus Aenigmarchaeota archaeon CG_4_10_14_3_um_filter_37_21 | A0A2H9NRT6
A0A2H9NVD1,Candidatus Woesearchaeota archaeon CG_4_10_14_0_8_um_filter_47_5 | A0A2H9NVD1
A0A2H9P042,Candidatus Pacearchaeota archaeon CG_4_10_14_0_8_um_filter_35_169 | A0A2H9P042
A0A2H9PGU7,Candidatus Aenigmarchaeota archaeon CG_4_10_14_0_8_um_filter_37_24 | A0A2H9PGU7
A0A2H9PKZ8,Candidatus Woesearchaeota archaeon CG_4_10_14_0_2_um_filter_33_13 | A0A2H9PKZ8
A0A2H9PST3,Candidatus Woesearchaeota archaeon CG_4_10_14_0_2_um_filter_33_10 | A0A2H9PST3
A0A2H9PW86,Candidatus Pacearchaeota archaeon CG_4_10_14_0_2_um_filter_35_33 | A0A2H9PW86
A0A2H9Q037,Candidatus Pacearchaeota archaeon CG_4_10_14_0_2_um_filter_31_10 | A0A2H9Q037
A0A2H9Q3V2,Candidatus Pacearchaeota archaeon CG_4_10_14_0_2_um_filter_05_32_18 | A0A2H9Q3V2
A0A2H9QJH0,Candidatus Pacearchaeota archaeon CG_4_9_14_3_um_filter_35_19 | A0A2H9QJH0
A0A2H9R221,Candidatus Aenigmarchaeota archaeon CG_4_9_14_3_um_filter_37_18 | A0A2H9R221
A0A2H9R6V4,Candidatus Pacearchaeota archaeon CG_4_9_14_0_8_um_filter_35_24 | A0A2H9R6V4
A0A2H9RKA8,Candidatus Pacearchaeota archaeon CG_4_9_14_0_2_um_filter_39_13 | A0A2H9RKA8
A0A2H9RN49,Candidatus Pacearchaeota archaeon CG_4_9_14_0_2_um_filter_30_8 | A0A2H9RN49
A0A2H9TER5,Candidatus Pacearchaeota archaeon CG10_big_fil_rev_8_21_14_0_10_32_42 | A0A2H9TER5
A0A2I8VNF8,Salinigranum rubrum | A0A2I8VNF8
A0A2I8VRE2,Salinigranum rubrum | A0A2I8VRE2
A0A2J6H128,Candidatus Woesearchaeota archaeon | A0A2J6H128
A0A2P4NUV2,Haloferax marisrubri | A0A2P4NUV2
A0A2P6VYB6,Thermoplasmatales archaeon SW_10_69_26 | A0A2P6VYB6
A0A2R4WYC8,Halococcoides cellulosivorans | A0A2R4WYC8
A0A2R6CGK9,Halobacteriales archaeon QH_10_67_13 | A0A2R6CGK9
A0A2R6CM35,Halobacteriales archaeon QH_10_65_19 | A0A2R6CM35
A0A2R6CWP3,Halobacteriales archaeon QH_10_67_22 | A0A2R6CWP3
A0A2R6D732,Halobacteriales archaeon QH_7_65_31 | A0A2R6D732
A0A2R6DCI8,Halobacteriales archaeon QH_6_64_20 | A0A2R6DCI8
A0A2R6DE40,Halobacteriales archaeon QH_2_66_30 | A0A2R6DE40
A0A2R6DGN1,Halobacteriales archaeon QH_6_64_20 | A0A2R6DGN1
A0A2R6DPU3,Halobacteriales archaeon QH_6_66_25 | A0A2R6DPU3
A0A2R6DTY3,Halobacteriales archaeon QH_1_68_42 | A0A2R6DTY3
A0A2R6DWQ1,Halobacteriales archaeon QH_7_69_31 | A0A2R6DWQ1
A0A2R6E1F2,Halobacteriales archaeon QH_3_68_24 | A0A2R6E1F2
A0A2R6EF64,Halobacteriales archaeon QH_7_68_42 | A0A2R6EF64
A0A2R6ENL6,Halobacteriales archaeon QS_1_67_19 | A0A2R6ENL6
A0A2R6EQW3,Halobacteriales archaeon QH_7_66_36 | A0A2R6EQW3
A0A2R6EZI6,Halobacteriales archaeon QH_8_67_36 | A0A2R6EZI6
A0A2R6F0P5,Halobacteriales archaeon QH_8_64_26 | A0A2R6F0P5
A0A2R6FGE0,Halobacteriales archaeon QS_1_69_70 | A0A2R6FGE0
A0A2R6FK99,Halobacteriales archaeon QH_6_68_27 | A0A2R6FK99
A0A2R6FQP5,Halobacteriales archaeon QH_9_66_26 | A0A2R6FQP5
A0A2R6FYR7,Halobacteriales archaeon QS_3_64_16 | A0A2R6FYR7
A0A2R6FZ97,Halobacteriales archaeon QH_9_66_26 | A0A2R6FZ97
A0A2R6G8U7,Halobacteriales archaeon QS_3_64_16 | A0A2R6G8U7
A0A2R6GLD8,Halobacteriales archaeon QS_1_68_20 | A0A2R6GLD8
A0A2R6GMU3,Halobacteriales archaeon QS_4_69_225 | A0A2R6GMU3
A0A2R6GY04,Halobacteriales archaeon QS_6_64_34 | A0A2R6GY04
A0A2R6H8C7,Halobacteriales archaeon QS_4_69_34 | A0A2R6H8C7
A0A2R6H9V3,Halobacteriales archaeon QS_4_66_20 | A0A2R6H9V3
A0A2R6HBG3,Halobacteriales archaeon QS_4_69_34 | A0A2R6HBG3
A0A2R6HNW8,Halobacteriales archaeon QH_8_68_33 | A0A2R6HNW8
A0A2R6HWX7,Halobacteriales archaeon QS_5_70_17 | A0A2R6HWX7
A0A2R6IEH7,Halobacteriales archaeon QS_5_68_33 | A0A2R6IEH7
A0A2R6INQ1,Halobacteriales archaeon QS_6_71_20 | A0A2R6INQ1
A0A2R6IQ80,Halobacteriales archaeon QS_4_69_31 | A0A2R6IQ80
A0A2R6J3N5,Halobacteriales archaeon QS_5_70_15 | A0A2R6J3N5
A0A2R6JC94,Halobacteriales archaeon QS_7_68_65 | A0A2R6JC94
A0A2R6JCB2,Halobacteriales archaeon QS_7_69_60 | A0A2R6JCB2
A0A2R6JF73,Halobacteriales archaeon QS_8_69_73 | A0A2R6JF73
A0A2R6JL56,Halobacteriales archaeon QS_8_69_26 | A0A2R6JL56
A0A2R6K0P9,Halobacteriales archaeon QS_8_65_32 | A0A2R6K0P9
A0A2R6K7K5,Halobacteriales archaeon QS_9_67_17 | A0A2R6K7K5
A0A2R6KFC3,Halobacteriales archaeon QS_9_68_17 | A0A2R6KFC3
A0A2R6KR86,Halobacteriales archaeon SW_6_65_46 | A0A2R6KR86
A0A2R6KUJ0,Halobacteriales archaeon SW_10_68_16 | A0A2R6KUJ0
A0A2R6KYT2,Halobacteriales archaeon QS_9_70_65 | A0A2R6KYT2
A0A2R6KZ23,Halobacteriales archaeon SW_12_69_24 | A0A2R6KZ23
A0A2R6L2G9,Halobacteriales archaeon SW_10_66_29 | A0A2R6L2G9
A0A2R6LHP4,Halobacteriales archaeon SW_5_68_122 | A0A2R6LHP4
A0A2R6LMP3,Halobacteriales archaeon SW_7_68_16 | A0A2R6LMP3
A0A2R6LXV8,Halobacteriales archaeon SW_6_65_15 | A0A2R6LXV8
A0A2R6M5W0,Halobacteriales archaeon SW_7_65_23 | A0A2R6M5W0
A0A2R6MJH8,Halobacteriales archaeon SW_8_65_20 | A0A2R6MJH8
A0A2R6ML42,Halobacteriales archaeon SW_12_67_38 | A0A2R6ML42
A0A2R6MM89,Halobacteriales archaeon SW_12_67_38 | A0A2R6MM89
A0A2R6MN12,Halobacteriales archaeon SW_8_68_21 | A0A2R6MN12
A0A2R6MXJ6,Halobacteriales archaeon SW_9_67_25 | A0A2R6MXJ6
A0A2R6N0R0,Halobacteriales archaeon SW_7_71_33 | A0A2R6N0R0
A0A2R6N1N6,Halobacteriales archaeon SW_8_66_22 | A0A2R6N1N6
A0A2R6N893,Halobacteriales archaeon SW_9_67_24 | A0A2R6N893
A0A2R6N921,Halobacteriales archaeon SW_9_67_24 | A0A2R6N921
A0A2Z2HU79,Natrarchaeobaculum aegyptiacum | A0A2Z2HU79
A0A2Z2MD79,Thermococcus profundus | A0A2Z2MD79
A0A2Z2MDC9,Thermococcus barossii | A0A2Z2MDC9
A0A2Z2MDI3,Thermococcus gorgonarius | A0A2Z2MDI3
A0A2Z2MLN1,Thermococcus siculi | A0A2Z2MLN1
A0A2Z2N0L2,Thermococcus radiotolerans | A0A2Z2N0L2
A0A329TBS8,Halorubrum sp. 48-1-W | A0A329TBS8
A0A343TJT5,Halalkaliarchaeum desulfuricum | A0A343TJT5
A0A345E9C5,Haloplanus rubicundus | A0A345E9C5
A0A346PA30,Natrarchaeobaculum sulfurireducens | A0A346PA30
A0A365T8C9,halophilic archaeon | A0A365T8C9
A0A368NAG4,Haloplanus salinus | A0A368NAG4
A0A371K7B7,Haloferax sp. Atlit-48N | A0A371K7B7
A0A371K8G2,Haloferax sp. Atlit-48N | A0A371K8G2
A0A371KE49,Haloferax sp. Atlit-24N | A0A371KE49
A0A371KRZ6,Haloferax sp. Atlit-24N | A0A371KRZ6
A0A371L674,Haloferax sp. Atlit-47N | A0A371L674
A0A371L9H6,Haloferax sp. Atlit-19N | A0A371L9H6
A0A371LA76,Haloferax sp. Atlit-16N | A0A371LA76
A0A371LYX9,Haloferax sp. Atlit-4N | A0A371LYX9
A0A371M3P9,Haloferax sp. Atlit-10N | A0A371M3P9
A0A371M3Q8,Haloferax sp. Atlit-10N | A0A371M3Q8
A0A371M6R0,Haloferax sp. Atlit-10N | A0A371M6R0
A0A371MPL9,Haloferax sp. Atlit-12N | A0A371MPL9
A0A371N421,Haloferax sp. Atlit-6N | A0A371N421
A0A384KSN1,Haloferax volcanii (strain ATCC 29605 / DSM 3757 / JCM 8879 / NBRC 14742 / NCIMB 2012 / VKM B-1768 / DS2) | A0A384KSN1
A0A384LG55,Haloferax volcanii (strain ATCC 29605 / DSM 3757 / JCM 8879 / NBRC 14742 / NCIMB 2012 / VKM B-1768 / DS2) | A0A384LG55
A0A3A5JBC3,Halococcus sp. IIIV-5B | A0A3A5JBC3
A0A3A5JDR3,Halococcus sp. IIIV-5B | A0A3A5JDR3
A0A3A5JGU7,Halococcus sp. IIIV-5B | A0A3A5JGU7
A0A3A5JIP1,Halococcus sp. IIIV-5B | A0A3A5JIP1
A0A3A5JV04,Halococcus sp. IIIV-5B | A0A3A5JV04
A0A3A6PP67,Halonotius aquaticus | A0A3A6PP67
A0A3A6QA42,Halonotius pteroides | A0A3A6QA42
A0A3A6QKJ7,Halonotius pteroides | A0A3A6QKJ7
A0A3L6JE44,Thorarchaeota archaeon (strain OWC) | A0A3L6JE44
A0A3L6JM86,Thorarchaeota archaeon (strain OWC) | A0A3L6JM86
A0A3M0CIK5,Haloplanus aerogenes | A0A3M0CIK5
A0A3M0D146,Haloplanus aerogenes | A0A3M0D146
A0A3M0Y8H2,Candidatus Pacearchaeota archaeon | A0A3M0Y8H2
A0A3M1DGF3,Candidatus Woesearchaeota archaeon | A0A3M1DGF3
A0A3M1F829,Candidatus Woesearchaeota archaeon | A0A3M1F829
A0A3M1FC41,Candidatus Woesearchaeota archaeon | A0A3M1FC41
A0A3M1HAI1,Candidatus Woesearchaeota archaeon | A0A3M1HAI1
A0A3M1NJN7,Candidatus Woesearchaeota archaeon | A0A3M1NJN7
A0A3N6LWK9,Natrarchaeobius halalkaliphilus | A0A3N6LWK9
A0A3N6N0C5,Natrarchaeobius chitinivorans | A0A3N6N0C5
A0A3N6P7W4,Natrarchaeobius chitinivorans | A0A3N6P7W4
A0A3P3R5D5,Halomarina oriensis | A0A3P3R5D5
A0A3Q9EEG7,Halorubrum sp. PV6 | A0A3Q9EEG7
A0A3R7DBX8,Halopiger aswanensis | A0A3R7DBX8
A0A3R7IAD7,Halorubrum sp. Atlit-8R | A0A3R7IAD7
A0A3R7IM04,Haloarcula sp. Atlit-120R | A0A3R7IM04
A0A410TR08,Halorubrum sp. BOL3-1 | A0A410TR08
A0A419FS79,Candidatus Woesearchaeota archaeon | A0A419FS79
A0A421E540,Haloarcula sp. Atlit-120R | A0A421E540
A0A421EGY8,Haloarcula sp. Atlit-47R | A0A421EGY8
A0A421ELT2,Halorubrum sp. Atlit-8R | A0A421ELT2
A0A482T6M6,Haloarcula hispanica | A0A482T6M6
A0A482TFH5,Halogeometricum borinquense | A0A482TFH5
A0A482Y4A9,Natrinema altunense | A0A482Y4A9
A0A495R235,Haloarcula quadrata | A0A495R235
A0A497EJ12,Candidatus Woesearchaeota archaeon | A0A497EJ12
A0A497PDA6,Thorarchaeota archaeon (strain OWC) | A0A497PDA6
A0A497PSE8,Thorarchaeota archaeon (strain OWC) | A0A497PSE8
A0A497PTC2,Thorarchaeota archaeon (strain OWC) | A0A497PTC2
A0A497S989,Candidatus Aenigmarchaeota archaeon | A0A497S989
A0A497SC40,Candidatus Aenigmarchaeota archaeon | A0A497SC40
A0A497SNL9,Candidatus Aenigmarchaeota archaeon | A0A497SNL9
A0A498E3E6,Haloferax sp. Atlit-109R | A0A498E3E6
A0A498E545,Haloferax sp. Atlit-109R | A0A498E545
A0A498E9U8,Haloferax sp. Atlit-105R | A0A498E9U8
A0A498EN39,Haloferax sp. Atlit-105R | A0A498EN39
A0A498ER75,Halorubrum sp. Atlit-28R | A0A498ER75
A0A498FEQ6,Halorubrum sp. Atlit-9R | A0A498FEQ6
A0A498FM33,Halorubrum sp. Atlit-9R | A0A498FM33
A0A498FNA3,Halorubrum sp. Atlit-26R | A0A498FNA3
A0A498G459,Halobellus sp. Atlit-38R | A0A498G459
A0A498G6P0,Haloarcula sp. Atlit-7R | A0A498G6P0
A0A498GA91,Halobellus sp. Atlit-38R | A0A498GA91
A0A498GC44,Haloarcula sp. Atlit-7R | A0A498GC44
A0A498GJH2,Haloarcula sp. Atlit-7R | A0A498GJH2
A0A498KRS4,Halorientalis pallida | A0A498KRS4
A0A4C2EJH4,Haloarcula mannanilytica | A0A4C2EJH4
A0A4C2EMS7,Haloarcula mannanilytica | A0A4C2EMS7
A0A4C2EN04,Haloarcula mannanilytica | A0A4C2EN04
A0A4C2EP19,Haloarcula mannanilytica | A0A4C2EP19
A0A4D6GYW0,Halobacterium salinarum (strain ATCC 33171 / DSM 3754 / JCM 8978 / NBRC 102687 / NCIMB 764 / 91-R6) | A0A4D6GYW0
A0A4D6HA07,Halapricum salinum | A0A4D6HA07
A0A4D6HNT3,Natronorubrum bangense | A0A4D6HNT3
A0A4D6KCN0,Halomicrobium mukohataei | A0A4D6KCN0
A0A4D7GYY6,Haloprofundus sp. MHR1 | A0A4D7GYY6
A0A4P8WPY4,Natrinema versiforme | A0A4P8WPY4
A0A4P8WQ42,Natrinema versiforme | A0A4P8WQ42
A0A4S3TT61,Salinadaptatus halalkaliphilus | A0A4S3TT61
A0A4U5JDD9,Natronomonas salsuginis | A0A4U5JDD9
A0A4U7C176,Halorubrum sp. CGM5_25_10-8B | A0A4U7C176
A0A4U7C1W4,Halorubrum sp. CGM5_25_10-8B | A0A4U7C1W4
A0A4U7C8U0,Halorubrum sp. ARQ200 | A0A4U7C8U0
A0A4U7CBD2,Halorubrum sp. CGM4_25_10-8A | A0A4U7CBD2
A0A4U7CYJ6,Halorubrum sp. ASP121 | A0A4U7CYJ6
A0A4U7DBG4,Halorubrum sp. SP3 | A0A4U7DBG4
A0A4U7DFJ1,Halorubrum sp. SS7 | A0A4U7DFJ1
A0A4U7DPA0,Halorubrum sp. ASP1 | A0A4U7DPA0
A0A4U7DX51,Halorubrum sp. ASP1 | A0A4U7DX51
A0A4U7DYQ2,Halorubrum sp. ASP1 | A0A4U7DYQ2
A0A4U7DZA5,Halorubrum sp. GN12_10-3_MGM | A0A4U7DZA5
A0A4U7EI78,Halorubrum sp. GN11GM_10-3_MGM | A0A4U7EI78
A0A4U7EWV6,Halorubrum sp. GN11_10-6_MGM | A0A4U7EWV6
A0A4U7F007,Halorubrum sp. SD626R | A0A4U7F007
A0A4U7F2V0,Halorubrum sp. SD626R | A0A4U7F2V0
A0A4V1IFG0,Natrinema pallidum | A0A4V1IFG0
A0A4V6E172,Halorubrum sp. SD690R | A0A4V6E172
A0A4V6E676,Halorubrum sp. SP9 | A0A4V6E676
A0A4Y5SLD7,Thermococcus indicus | A0A4Y5SLD7
A0A510NAH2,Halobacterium salinarum (strain ATCC 700922 / JCM 11081 / NRC-1) | A0A510NAH2
A0A518S9R1,Salarchaeum sp. JOR-1 | A0A518S9R1
A0A519BR08,uncultured DHVE6 group euryarchaeote | A0A519BR08
A0A519BS89,uncultured DHVE6 group euryarchaeote | A0A519BS89
A0A521CHI1,Halorubrum cibi | A0A521CHI1
A0A521ET06,Halorubrum cibi | A0A521ET06
A0A523XQR6,Candidatus Heimdallarchaeota archaeon | A0A523XQR6
A0A524D048,Candidatus Lokiarchaeota archaeon | A0A524D048
A0A524D1T5,Thorarchaeota archaeon (strain OWC) | A0A524D1T5
A0A524DE19,Candidatus Lokiarchaeota archaeon | A0A524DE19
A0A524DIH9,Candidatus Lokiarchaeota archaeon | A0A524DIH9
A0A524DTX6,Thorarchaeota archaeon (strain OWC) | A0A524DTX6
A0A524EQI0,Candidatus Lokiarchaeota archaeon | A0A524EQI0
A0A524ESI0,Candidatus Lokiarchaeota archaeon | A0A524ESI0
A0A524G590,Thorarchaeota archaeon (strain OWC) | A0A524G590
A0A524L8G8,Thorarchaeota archaeon (strain OWC) | A0A524L8G8
A0A524LZ65,Thorarchaeota archaeon (strain OWC) | A0A524LZ65
A0A532T4Y2,Candidatus Woesearchaeota archaeon B3_Woes | A0A532T4Y2
A0A544QNQ4,Halonotius roseus | A0A544QNQ4
A0A554NC87,Haloglomus irregulare | A0A554NC87
A0A558GAR3,Haloferax volcanii | A0A558GAR3
A0A5C0SI94,Thermococcus aciditolerans | A0A5C0SI94
A0A5C0XQU7,Pyrococcus furiosus (strain ATCC 43587 / DSM 3638 / JCM 8422 / Vc1) | A0A5C0XQU7
A0A5C9E547,Thorarchaeota archaeon (strain OWC) | A0A5C9E547
A0A5C9EHF2,Candidatus Lokiarchaeota archaeon | A0A5C9EHF2
A0A5C9ER26,Candidatus Lokiarchaeota archaeon | A0A5C9ER26
A0A5C9ETQ6,Candidatus Lokiarchaeota archaeon | A0A5C9ETQ6
A0A5C9EZL2,Candidatus Lokiarchaeota archaeon | A0A5C9EZL2
A0A5D5AS44,Natrialba swarupiae | A0A5D5AS44
A0A5E4I285,uncultured archaeon | A0A5E4I285
A0A5E4IMX6,uncultured archaeon | A0A5E4IMX6
A0A5E4JRR1,uncultured archaeon | A0A5E4JRR1
A0A5E4JRX4,uncultured archaeon | A0A5E4JRX4
A0A5E4JZQ5,uncultured archaeon | A0A5E4JZQ5
A0A5E4K289,uncultured archaeon | A0A5E4K289
A0A5E4K6L5,uncultured archaeon | A0A5E4K6L5
A0A5J5LB27,Haloarcula sp. CBA1129 | A0A5J5LB27
A0A5N1KWG6,Haloarcula sp. CBA1131 | A0A5N1KWG6
A0A5N1L1M0,Haloarcula sp. CBA1130 | A0A5N1L1M0
A0A5N1LAG1,Haloarcula sp. CBA1131 | A0A5N1LAG1
A0A5N5U4Y8,Halosegnis rubeus | A0A5N5U4Y8
A0A5N5U9G2,Halosegnis rubeus | A0A5N5U9G2
A0A5P8LWJ1,Halomicrobium sp. ZPS1 | A0A5P8LWJ1
A0A5P9P1Y3,Natronorubrum aibiense | A0A5P9P1Y3
A0A5Q0UI58,Candidatus Nanohalobium constans | A0A5Q0UI58
A0A5Q0UIZ6,Halomicrobium sp. LC1Hm | A0A5Q0UIZ6
A0A643JUZ0,Haloferax sp. CBA1149 | A0A643JUZ0
A0A643KCR1,Haloferax sp. CBA1150 | A0A643KCR1
A0A650A1I4,Halorhabdus sp. CBA1104 | A0A650A1I4
A0A662EX90,Candidatus Woesearchaeota archaeon | A0A662EX90
A0A662FE67,Candidatus Woesearchaeota archaeon | A0A662FE67
A0A662FLX2,Candidatus Woesearchaeota archaeon | A0A662FLX2
A0A662K6T1,Thermoplasmata archaeon | A0A662K6T1
A0A662L487,Thermoplasmata archaeon | A0A662L487
A0A662QIX8,Thaumarchaeota archaeon | A0A662QIX8
A0A662QNS9,Candidatus Pacearchaeota archaeon | A0A662QNS9
A0A662QUL5,Candidatus Nanohaloarchaeota archaeon | A0A662QUL5
A0A6A8G7R3,Haloferax marinum | A0A6A8G7R3
A0A6A8GDD5,Haloferax litoreum | A0A6A8GDD5
A0A6A9S847,Haloarcula sp. CBA1122 | A0A6A9S847
A0A6A9SBS2,Halobacterium sp. CBA1126 | A0A6A9SBS2
A0A6A9SJA9,Halobacterium sp. CBA1126 | A0A6A9SJA9
A0A6A9SQ22,Natronomonas sp. CBA1123 | A0A6A9SQ22
A0A6A9T0A4,Halapricum sp. CBA1109 | A0A6A9T0A4
A0A6A9T9M9,Halorubrum sp. CBA1125 | A0A6A9T9M9
A0A6B0GP28,Halomarina oriensis | A0A6B0GP28
A0A6B0HI17,Natrialba sp. INN-245 | A0A6B0HI17
A0A6B0SS20,Halobacterium bonnevillei | A0A6B0SS20
A0A6B0SWJ4,Halobaculum saliterrae | A0A6B0SWJ4
A0A6B0SZB7,Halobaculum saliterrae | A0A6B0SZB7
A0A6B0T1E1,Halovenus carboxidivorans | A0A6B0T1E1
A0A6B0T3C7,Halobaculum saliterrae | A0A6B0T3C7
A0A6B0T9H2,Halobaculum saliterrae | A0A6B0T9H2
A0A6B0VJ64,Natronorubrum halalkaliphilum | A0A6B0VJ64
A0A6B1IRP3,Halorubrum terrestre | A0A6B1IRP3
A0A6B9FAN3,Haloplanus rallus | A0A6B9FAN3
A0A6B9FDY2,Haloplanus rallus | A0A6B9FDY2
A0A6B9Y5B1,haloarchaeon 3A1-DGR | A0A6B9Y5B1
A0A6C0UN02,Haloferax alexandrinus | A0A6C0UN02
A0A6G0EF38,Haloferax sp. CBA1148 | A0A6G0EF38
A0A6G1YZI6,Haloferax marinisediminis | A0A6G1YZI6
A0A6G2FX32,Halogeometricum sp. CBA1124 | A0A6G2FX32
A0A6G2HCB3,Halorubrum sp. JWXQ-INN 858 | A0A6G2HCB3
A0A6G3ZER8,Halorussus sp. MSC15.2 | A0A6G3ZER8
A0A6G4RA29,Natronolimnobius sp. AArcel1 | A0A6G4RA29
A0A6G8T455,Haloarcula sp. JP-L23 | A0A6G8T455
A0A6N0NSD0,Nanohaloarchaea archaeon | A0A6N0NSD0
A0A7C1MIP5,Candidatus Pacearchaeota archaeon | A0A7C1MIP5
A0A7C1NDG7,Candidatus Pacearchaeota archaeon | A0A7C1NDG7
A0A7C1R3J6,Thermococcus sp | A0A7C1R3J6
A0A7C4E4D7,Candidatus Aenigmarchaeota archaeon | A0A7C4E4D7
A0A7C4RMI9,Candidatus Woesearchaeota archaeon | A0A7C4RMI9
A0A7C4UZ97,Candidatus Woesearchaeota archaeon | A0A7C4UZ97
A0A7C4WZT2,Nitrososphaeria archaeon | A0A7C4WZT2
A0A7C5DKU2,Candidatus Woesearchaeota archaeon | A0A7C5DKU2
A0A7C5K0B8,Candidatus Woesearchaeota archaeon | A0A7C5K0B8
A0A7C5YAT2,Candidatus Aenigmarchaeota archaeon | A0A7C5YAT2
A0A7D3Y0A3,Halorubrum salinarum | A0A7D3Y0A3
A0A7D4CUY9,Halorubrum salinarum | A0A7D4CUY9
A0A7D4XZZ6,Halorubrum sp. CBA1229 | A0A7D4XZZ6
A0A7D4Y7F3,Halorubrum sp. CBA1229 | A0A7D4Y7F3
A0A7D4Y915,Halorubrum sp. CBA1229 | A0A7D4Y915
A0A7D5BZ01,Halolamina sp. CBA1230 | A0A7D5BZ01
A0A7D5GM11,Natrinema halophilum | A0A7D5GM11
A0A7D5IIG8,Halarchaeum sp. CBA1220 | A0A7D5IIG8
A0A7D5IY97,Halarchaeum sp. CBA1220 | A0A7D5IY97
A0A7D5KNH3,Halobaculum halophilum | A0A7D5KNH3
A0A7D5KP22,Halobaculum halophilum | A0A7D5KP22
A0A7D5L8T8,Halobaculum salinum | A0A7D5L8T8
A0A7D5LAP3,Halobaculum salinum | A0A7D5LAP3
A0A7D5NXK7,Halosimplex rubrum | A0A7D5NXK7
A0A7D5T6R6,Halosimplex rubrum | A0A7D5T6R6
A0A7D5T910,Halosimplex pelagicum | A0A7D5T910
A0A7D5TH01,Halosimplex pelagicum | A0A7D5TH01
A0A7D5TUJ4,Halosimplex pelagicum | A0A7D5TUJ4
A0A7D5TXP0,Halosimplex pelagicum | A0A7D5TXP0
A0A7D6CNW7,Natrinema sp. YPL30 | A0A7D6CNW7
A0A7G2DBC0,Thermococcus camini | A0A7G2DBC0
A0A7J2GYZ3,Candidatus Aenigmarchaeota archaeon | A0A7J2GYZ3
A0A7J2IYX5,Candidatus Pacearchaeota archaeon | A0A7J2IYX5
A0A7J2JKI1,Candidatus Altiarchaeales archaeon | A0A7J2JKI1
A0A7J2TZW3,Candidatus Aenigmarchaeota archaeon | A0A7J2TZW3
A0A7J2TZX2,Candidatus Aenigmarchaeota archaeon | A0A7J2TZX2
A0A7J2VTG8,Candidatus Aenigmarchaeota archaeon | A0A7J2VTG8
A0A7J2VWR3,Candidatus Aenigmarchaeota archaeon | A0A7J2VWR3
A0A7J3CV08,Candidatus Pacearchaeota archaeon | A0A7J3CV08
A0A7J3LN08,Candidatus Woesearchaeota archaeon | A0A7J3LN08
A0A7J3MJ20,Candidatus Bathyarchaeota archaeon | A0A7J3MJ20
A0A7J3UHZ5,Candidatus Woesearchaeota archaeon | A0A7J3UHZ5
A0A7J4HVR3,Nanoarchaeota archaeon | A0A7J4HVR3
A0A7J4I8G3,Candidatus Woesearchaeota archaeon | A0A7J4I8G3
A0A7J4IMR8,Candidatus Woesearchaeota archaeon | A0A7J4IMR8
A0A7J4J350,Candidatus Woesearchaeota archaeon | A0A7J4J350
A0A7J4J7I9,Candidatus Woesearchaeota archaeon | A0A7J4J7I9
A0A7J4JG57,Candidatus Diapherotrites archaeon | A0A7J4JG57
A0A7J4K2Q3,Candidatus Woesearchaeota archaeon | A0A7J4K2Q3
A0A7J4K7Y6,Nanoarchaeota archaeon | A0A7J4K7Y6
A0A7J4KSR3,Candidatus Diapherotrites archaeon | A0A7J4KSR3
A0A7J4L151,Nanoarchaeota archaeon | A0A7J4L151
A0A7J4LBP3,Candidatus Woesearchaeota archaeon | A0A7J4LBP3
A0A7J4LY84,Candidatus Woesearchaeota archaeon | A0A7J4LY84
A0A7J4QDZ5,Nanoarchaeota archaeon | A0A7J4QDZ5
A0A7J4QGV4,Candidatus Woesearchaeota archaeon | A0A7J4QGV4
A0A7J4S1R1,Candidatus Micrarchaeota archaeon | A0A7J4S1R1
A0A7J4U564,Candidatus Woesearchaeota archaeon | A0A7J4U564
A0A7J4UK75,Candidatus Woesearchaeota archaeon | A0A7J4UK75
A0A7J9Q4U8,Candidatus Woesearchaeota archaeon | A0A7J9Q4U8
A0A7J9SLQ7,Halobellus ruber | A0A7J9SLQ7
A0A7K4C800,Candidatus Woesearchaeota archaeon | A0A7K4C800
A0A7K4GKQ9,Candidatus Lokiarchaeota archaeon | A0A7K4GKQ9
A0A7K4HAN7,Candidatus Lokiarchaeota archaeon | A0A7K4HAN7
A0A7K4IH93,Thorarchaeota archaeon (strain OWC) | A0A7K4IH93
A0A7T3KU30,Halosimplex litoreum | A0A7T3KU30
A0A7T5R8J5,Candidatus Aenigmarchaeota archaeon | A0A7T5R8J5
A0A7T5UJN9,Candidatus Woesearchaeota archaeon | A0A7T5UJN9
A0A7T9I0X7,Candidatus Diapherotrites archaeon | A0A7T9I0X7
A0A830DPE4,Haloferax sulfurifontis | A0A830DPE4
A0A830EHH7,Halobellus salinus | A0A830EHH7
A0A830EUY3,Haloarcula sebkhae | A0A830EUY3
A0A830EX68,Halarchaeum grantii | A0A830EX68
A0A830F6V0,Halocalculus aciditolerans | A0A830F6V0
A0A830F7V6,Halocalculus aciditolerans | A0A830F7V6
A0A830FBB9,Halarchaeum grantii | A0A830FBB9
A0A830FDK8,Halarchaeum grantii | A0A830FDK8
A0A830FEU3,Halocalculus aciditolerans | A0A830FEU3
A0A830FTF4,Haloarcula salaria | A0A830FTF4
A0A830FWT8,Haloarcula salaria | A0A830FWT8
A0A830FYC6,Halarchaeum rubridurum | A0A830FYC6
A0A830G3U1,Halarchaeum rubridurum | A0A830G3U1
A0A830G4X0,Halarchaeum rubridurum | A0A830G4X0
A0A830GAX3,Halarchaeum nitratireducens | A0A830GAX3
A0A830GEQ1,Halarchaeum nitratireducens | A0A830GEQ1
A0A830GFD9,Halarchaeum nitratireducens | A0A830GFD9
A0A830GPV9,Halomicroarcula pellucida | A0A830GPV9
A0A833A2Z5,Nanoarchaeota archaeon | A0A833A2Z5
A0A841HC11,Halobacterium salinarum | A0A841HC11
A0A841HFF3,Halobacterium salinarum | A0A841HFF3
A0A841HFY0,Halobacterium salinarum | A0A841HFY0
A0A842K380,Nanohaloarchaea archaeon | A0A842K380
A0A842NMV4,DPANN group archaeon | A0A842NMV4
A0A842PLA1,Haloferax sp. AS1 | A0A842PLA1
A0A842Q6I5,Candidatus Aenigmarchaeota archaeon | A0A842Q6I5
A0A842QN38,Candidatus Woesearchaeota archaeon | A0A842QN38
A0A842SAN4,Candidatus Woesearchaeota archaeon | A0A842SAN4
A0A842TR04,Candidatus Pacearchaeota archaeon | A0A842TR04
A0A842U389,Candidatus Woesearchaeota archaeon | A0A842U389
A0A842UL59,Candidatus Pacearchaeota archaeon | A0A842UL59
A0A842US40,Candidatus Woesearchaeota archaeon | A0A842US40
A0A842UZA4,archaeon | A0A842UZA4
A0A842V0K1,Candidatus Woesearchaeota archaeon | A0A842V0K1
A0A842V7F3,Candidatus Woesearchaeota archaeon | A0A842V7F3
A0A842V8I8,Candidatus Lokiarchaeota archaeon | A0A842V8I8
A0A842W799,Candidatus Woesearchaeota archaeon | A0A842W799
A0A842WBN8,Candidatus Woesearchaeota archaeon | A0A842WBN8
A0A842WZD3,Candidatus Altiarchaeales archaeon | A0A842WZD3
A0A843JZZ9,Candidatus Pacearchaeota archaeon | A0A843JZZ9
A0A846PMY8,Candidatus Aenigmarchaeota archaeon | A0A846PMY8
A0A846SXF2,Nitrosarchaeum sp | A0A846SXF2
A0A847UMM4,Haloarcula argentinensis | A0A847UMM4
A0A848EQ92,Nanohaloarchaea archaeon | A0A848EQ92
A0A849PVR0,archaeon | A0A849PVR0
A0A849QDU6,Nanohaloarchaea archaeon | A0A849QDU6
A0A849R7C1,archaeon | A0A849R7C1
A0A895ADF3,Halobacterium sp. GSL-19 | A0A895ADF3
A0A895AEX1,Halobacterium sp. BOL4-2 | A0A895AEX1
A0A897MUW8,Natranaeroarchaeum sulfidigenum | A0A897MUW8
A0A897N342,Halapricum desulfuricans | A0A897N342
A0A897NBV1,Halapricum desulfuricans | A0A897NBV1
A0A897NL67,Halapricum desulfuricans | A0A897NL67
A0A8A2U385,Haloterrigena longa | A0A8A2U385
A0A8A2VJ00,Haloterrigena alkaliphila | A0A8A2VJ00
B0R7H1,Halobacterium salinarum (strain ATCC 29341 / DSM 671 / R1) | B0R7H1
B0R8M9,Halobacterium salinarum (strain ATCC 29341 / DSM 671 / R1) | B0R8M9
B6YVF4,Thermococcus onnurineus (strain NA1) | B6YVF4
B7QZX8,Thermococcus sp. AM4 | B7QZX8
B9LU10,Halorubrum lacusprofundi (strain ATCC 49239 / DSM 5036 / JCM 8891 / ACAM 34) | B9LU10
C5A4R6,Thermococcus gammatolerans (strain DSM 15229 / JCM 11827 / EJ3) | C5A4R6
C7NV10,Halorhabdus utahensis (strain DSM 12940 / JCM 11049 / AX-2) | C7NV10
C7P233,Halomicrobium mukohataei (strain ATCC 700874 / DSM 12286 / JCM 9738 / NCIMB 13541) | C7P233
D2RS00,Haloterrigena turkmenica (strain ATCC 51198 / DSM 5511 / JCM 9101 / NCIMB 13204 / VKM B-1734 / 4k) | D2RS00
D3SVB1,Natrialba magadii (strain ATCC 43099 / DSM 3394 / CCM 3739 / CIP 104546 / IAM 13178 / JCM 8861 / NBRC 102185 / NCIMB 2190 / MS3) | D3SVB1
D4GQ55,Haloferax volcanii (strain ATCC 29605 / DSM 3757 / JCM 8879 / NBRC 14742 / NCIMB 2012 / VKM B-1768 / DS2) | D4GQ55
D4GZE0,Haloferax volcanii (strain ATCC 29605 / DSM 3757 / JCM 8879 / NBRC 14742 / NCIMB 2012 / VKM B-1768 / DS2) | D4GZE0
D6GVQ6,Candidatus Parvarchaeum acidophilus ARMAN-5 | D6GVQ6
D8J532,Halalkalicoccus jeotgali (strain DSM 18796 / CECT 7217 / JCM 14584 / KCTC 4019 / B3) | D8J532
D8JB14,Halalkalicoccus jeotgali (strain DSM 18796 / CECT 7217 / JCM 14584 / KCTC 4019 / B3) | D8JB14
D8JBI5,Halalkalicoccus jeotgali (strain DSM 18796 / CECT 7217 / JCM 14584 / KCTC 4019 / B3) | D8JBI5
D8JCH2,Halalkalicoccus jeotgali (strain DSM 18796 / CECT 7217 / JCM 14584 / KCTC 4019 / B3) | D8JCH2
E4NRI4,Halogeometricum borinquense (strain ATCC 700274 / DSM 11551 / JCM 10706 / KCTC 4070 / PR3) | E4NRI4
E6N2V7,Caldiarchaeum subterraneum | E6N2V7
E6NA72,Caldiarchaeum subterraneum | E6NA72
E7QMR0,Haladaptatus paucihalophilus DX253 | E7QMR0
F7PMF2,Halorhabdus tiamatea SARL4B | F7PMF2
F7PPY7,Halorhabdus tiamatea SARL4B | F7PPY7
F8DCN4,Halopiger xanaduensis (strain DSM 18323 / JCM 14033 / SH-6) | F8DCN4
G0HKU4,Thermococcus sp. (strain CGMCC 1.5172 / 4557) | G0HKU4
G0HTK4,Haloarcula hispanica (strain ATCC 33960 / DSM 4426 / JCM 8911 / NBRC 102182 / NCIMB 2187 / VKM B-1755) | G0HTK4
G0LFQ3,Haloquadratum walsbyi (strain DSM 16854 / JCM 12705 / C23) | G0LFQ3
G0QB19,Nanosalinarum sp. (strain J07AB56) | G0QB19
G0QEU7,Nanosalina sp. (strain J07AB43) | G0QEU7
G2MHG6,halophilic archaeon DL31 | G2MHG6
G2MPE8,halophilic archaeon DL31 | G2MPE8
H0ACJ8,Haloredivivus sp. (strain G17) | H0ACJ8
I3R126,Haloferax mediterranei (strain ATCC 33500 / DSM 1411 / JCM 8866 / NBRC 14739 / NCIMB 2177 / R-4) | I3R126
I3ZWQ0,Thermococcus cleftensis (strain DSM 27260 / KACC 17922 / CL1) | I3ZWQ0
I6V1Y9,Pyrococcus furiosus COM1 | I6V1Y9
I7CNZ7,Natrinema sp. (strain J7-2) | I7CNZ7
I7CP19,Natrinema sp. (strain J7-2) | I7CP19
J3EX64,Halogranum salarium B-1 | J3EX64
L0AI84,Natronobacterium gregoryi (strain ATCC 43098 / DSM 3393 / CCM 3738 / CIP 104747 / IAM 13177 / JCM 8860 / NBRC 102187 / NCIMB 2189 / SP2) | L0AI84
L0I8V8,Halovivax ruber (strain DSM 18193 / JCM 13892 / XH-70) | L0I8V8
L0JT31,Natrinema pellirubrum (strain DSM 15624 / CIP 106293 / JCM 10476 / NCIMB 786 / 157) | L0JT31
L0JT86,Natrinema pellirubrum (strain DSM 15624 / CIP 106293 / JCM 10476 / NCIMB 786 / 157) | L0JT86
L0K6J0,Natronococcus occultus SP4 | L0K6J0
L5NX63,Haloferax sp. BAB-2207 | L5NX63
L9VFZ5,Natronorubrum tibetense GA33 | L9VFZ5
L9WAH4,Natronorubrum sulfidifaciens JCM 14089 | L9WAH4
L9WKX4,Natronorubrum bangense JCM 10635 | L9WKX4
L9X283,Natronolimnohabitans innermongolicus JCM 12255 | L9X283
L9XBJ4,Natronococcus amylolyticus DSM 10524 | L9XBJ4
L9XSE1,Natronococcus jeotgali DSM 18795 | L9XSE1
L9XVQ5,Natrinema versiforme JCM 10478 | L9XVQ5
L9Y2W9,Natronococcus jeotgali DSM 18795 | L9Y2W9
L9YQ59,Natrinema gari JCM 14663 | L9YQ59
L9YZP0,Natrinema gari JCM 14663 | L9YZP0
L9YZY6,Natrinema pallidum DSM 3751 | L9YZY6
L9Z1D3,Natrinema pallidum DSM 3751 | L9Z1D3
L9ZH87,Natrinema altunense JCM 12890 | L9ZH87
L9ZR38,Natrialba taiwanensis DSM 12281 | L9ZR38
L9ZWA1,Natrialba hulunbeirensis JCM 10989 | L9ZWA1
M0AHJ1,Natrialba asiatica (strain ATCC 700177 / DSM 12278 / JCM 9576 / FERM P-10747 / NBRC 102637 / 172P1) | M0AHJ1
M0AXD1,Natrialba chahannaoensis JCM 10990 | M0AXD1
M0BAJ7,Natrialba aegyptia DSM 13077 | M0BAJ7
M0BL41,Halovivax asiaticus JCM 14624 | M0BL41
M0C7N5,Haloterrigena limicola JCM 13563 | M0C7N5
M0CHU8,Haloterrigena salina JCM 13891 | M0CHU8
M0CX07,Halosimplex carlsbadense 2-9-1 | M0CX07
M0D6B5,Halogeometricum pallidum JCM 14848 | M0D6B5
M0DBL8,Halorubrum terrestre JCM 10247 | M0DBL8
M0DS10,Halorubrum saccharovorum DSM 1137 | M0DS10
M0DV55,Halorubrum tebenquichense DSM 14210 | M0DV55
M0E1N7,Halorubrum saccharovorum DSM 1137 | M0E1N7
M0EBW8,Halorubrum coriense DSM 10284 | M0EBW8
M0EDY1,Halorubrum distributum JCM 9100 | M0EDY1
M0EIJ4,Halorubrum californiensis DSM 19288 | M0EIJ4
M0EX78,Halorubrum distributum JCM 10118 | M0EX78
M0F3S4,Halorubrum hochstenium ATCC 700873 | M0F3S4
M0FH50,Haloferax sp. ATCC BAA-646 | M0FH50
M0FSH5,Halorubrum hochstenium ATCC 700873 | M0FSH5
M0FV11,Haloferax sp. ATCC BAA-645 | M0FV11
M0FZU4,Haloferax sp. ATCC BAA-644 | M0FZU4
M0GF17,Haloferax lucentense (strain DSM 14919 / JCM 9276 / NCIMB 13854 / Aa 2.2) | M0GF17
M0GNY5,Haloferax prahovense (strain DSM 18310 / JCM 13924 / TL6) | M0GNY5
M0GUV1,Haloferax larsenii JCM 13917 | M0GUV1
M0HLI2,Haloferax gibbonsii (strain ATCC 33959 / DSM 4427 / JCM 8863 / NBRC 102184 / NCIMB 2188 / Ma 2.38) | M0HLI2
M0HW30,Haloferax elongans ATCC BAA-1513 | M0HW30
M0I0R5,Haloferax sulfurifontis ATCC BAA-897 | M0I0R5
M0I5J9,Haloferax alexandrinus JCM 10717 | M0I5J9
M0II18,Haloferax mucosum ATCC BAA-1512 | M0II18
M0J5C0,Haloarcula vallismortis ATCC 29715 | M0J5C0
M0J7X1,Haloarcula vallismortis ATCC 29715 | M0J7X1
M0J9V1,Haloferax denitrificans ATCC 35960 | M0J9V1
M0K0M4,Haloarcula sinaiiensis ATCC 33800 | M0K0M4
M0K294,Haloarcula californiae ATCC 33799 | M0K294
M0K3I4,Haloarcula californiae ATCC 33799 | M0K3I4
M0K7B2,Haloarcula californiae ATCC 33799 | M0K7B2
M0K7K6,Haloarcula californiae ATCC 33799 | M0K7K6
M0L0Q3,Haloarcula amylolytica JCM 13557 | M0L0Q3
M0L6G7,Haloarcula japonica (strain ATCC 49778 / DSM 6131 / JCM 7785 / NBRC 101032 / NCIMB 13157 / TR-1) | M0L6G7
M0LMY2,Halobiforma lacisalsi AJ5 | M0LMY2
M0LQ94,Haloarcula japonica (strain ATCC 49778 / DSM 6131 / JCM 7785 / NBRC 101032 / NCIMB 13157 / TR-1) | M0LQ94
M0M032,Halococcus hamelinensis 100A6 | M0M032
M0M6B8,Halobiforma nitratireducens JCM 10879 | M0M6B8
M0M9N2,Halococcus hamelinensis 100A6 | M0M9N2
M0MGB9,Halococcus saccharolyticus DSM 5350 | M0MGB9
M0MGQ0,Halococcus saccharolyticus DSM 5350 | M0MGQ0
M0MKX2,Halococcus saccharolyticus DSM 5350 | M0MKX2
M0MRS0,Halococcus salifodinae DSM 8989 | M0MRS0
M0MSS2,Halococcus salifodinae DSM 8989 | M0MSS2
M0MWD4,Halococcus morrhuae DSM 1307 | M0MWD4
M0N2Y1,Halococcus salifodinae DSM 8989 | M0N2Y1
M0N4K5,Halococcus thailandensis JCM 13552 | M0N4K5
M0N5C0,Halococcus salifodinae DSM 8989 | M0N5C0
M0N972,Halococcus salifodinae DSM 8989 | M0N972
M0NA51,Halococcus salifodinae DSM 8989 | M0NA51
M0NBB3,Halococcus salifodinae DSM 8989 | M0NBB3
M0NDB0,Halococcus salifodinae DSM 8989 | M0NDB0
M0NDM6,Halococcus salifodinae DSM 8989 | M0NDM6
M0NDX9,Halococcus thailandensis JCM 13552 | M0NDX9
M0NF95,Halococcus thailandensis JCM 13552 | M0NF95
M0NFK4,Halococcus thailandensis JCM 13552 | M0NFK4
M0NGJ0,Halococcus thailandensis JCM 13552 | M0NGJ0
M0NGU9,Halococcus thailandensis JCM 13552 | M0NGU9
M0NRF5,Halorubrum lipolyticum DSM 21995 | M0NRF5
M0NSL3,Halorubrum litoreum JCM 13561 | M0NSL3
M0P8Y8,Halorubrum aidingense JCM 13560 | M0P8Y8
M0P9D2,Halorubrum litoreum JCM 13561 | M0P9D2
M0PE95,Halorubrum kocurii JCM 14978 | M0PE95
M0PLK7,Halorubrum arcis JCM 13916 | M0PLK7
M1XMW9,Natronomonas moolapensis (strain DSM 18674 / CECT 7526 / JCM 14361 / 8.8.11) | M1XMW9
Q18E68,Haloquadratum walsbyi (strain DSM 16790 / HBSQ001) | Q18E68
Q5JDW7,Thermococcus kodakarensis (strain ATCC BAA-918 / JCM 12380 / KOD1) | Q5JDW7
Q5UZD8,Haloarcula marismortui (strain ATCC 43049 / DSM 3752 / JCM 8966 / VKM B-1809) | Q5UZD8
Q5V751,Haloarcula marismortui (strain ATCC 43049 / DSM 3752 / JCM 8966 / VKM B-1809) | Q5V751
Q8U1D0,Pyrococcus furiosus (strain ATCC 43587 / DSM 3638 / JCM 8422 / Vc1) | Q8U1D0
Q9HHD8,Halobacterium salinarum (strain ATCC 700922 / JCM 11081 / NRC-1) | Q9HHD8
Q9HN32,Halobacterium salinarum (strain ATCC 700922 / JCM 11081 / NRC-1) | Q9HN32
Q9UWP8,Pyrococcus furiosus | Q9UWP8
R4W3D9,Salinarchaeum sp. Harcht-Bsk1 | R4W3D9
U1NMU9,Haloquadratum sp. J07HQX50 | U1NMU9
U1NY90,halophilic archaeon J07HX64 | U1NY90
U1NYI6,Halonotius sp. J07HN6 | U1NYI6
U1PU03,Haloquadratum walsbyi J07HQW2 | U1PU03
U1QKF4,Halonotius sp. J07HN4 | U1QKF4
V4GN65,Candidatus Halobonum tyrrellensis G22 | V4GN65
V4HAY6,Candidatus Halobonum tyrrellensis G22 | V4HAY6
V4X669,uncultured archaeon A07HR67 | V4X669
V4XTY4,uncultured archaeon A07HR60 | V4XTY4
V4XWK1,uncultured archaeon A07HB70 | V4XWK1
V4YBJ4,uncultured archaeon A07HN63 | V4YBJ4
V5TQR0,Haloarcula hispanica N601 | V5TQR0
V6DR83,Halorubrum sp. AJ67 | V6DR83
V6DVC9,Halorubrum sp. AJ67 | V6DVC9
V6DY05,Halorubrum sp. AJ67 | V6DY05
W0JPW1,Halostagnicola larsenii XH-48 | W0JPW1
W0JZB9,Halobacterium sp. DL1 | W0JZB9
W0K3X0,Halobacterium sp. DL1 | W0K3X0
W0K8H7,Halobacterium sp. DL1 | W0K8H7
W8NTX3,Thermococcus nautili | W8NTX3
A0A5C9EZ94,Candidatus Lokiarchaeota archaeon | A0A5C9EZ94
A0A532THE7,Candidatus Lokiarchaeota archaeon Loki_b32 | A0A532THE7
A0A0F8XJF6,Lokiarchaeum sp. (strain GC14_75) | A0A0F8XJF6
A0A0F8XVV9,Lokiarchaeum sp. (strain GC14_75) | A0A0F8XVV9
A0A497P9U3,Thorarchaeota archaeon (strain OWC) | A0A497P9U3
A0A497SR00,Candidatus Aenigmarchaeota archaeon | A0A497SR00
A0A497TFM2,Candidatus Aenigmarchaeota archaeon | A0A497TFM2
A0A256YVI3,Candidatus Aenigmarchaeota archaeon ex4484_56 | A0A256YVI3
A0A2D6M217,Candidatus Diapherotrites archaeon | A0A2D6M217
A0A7J4LID0,Candidatus Woesearchaeota archaeon | A0A7J4LID0
A0A2D6PIX6,Nanoarchaeota archaeon | A0A2D6PIX6
A0A7J4JBN3,Nanoarchaeota archaeon | A0A7J4JBN3
A0A5E4JEQ3,uncultured archaeon | A0A5E4JEQ3
A0A147JYK9,Hadarchaeum yellowstonense | A0A147JYK9
M0NBJ3,Halococcus thailandensis JCM 13552 | M0NBJ3
A0A2E5QFX1,Euryarchaeota archaeon | A0A2E5QFX1
A0A6A8AM72,archaeon | A0A6A8AM72
A0A0B3AJY9,Archaeon GW2011_AR5 | A0A0B3AJY9
A0A3M1VXD1,Acidobacteria bacterium | A0A3M1VXD1
A0A7V3H538,candidate division NC10 bacterium | A0A7V3H538
A0A2A4X5H8,Candidatus Aerophobetes bacterium | A0A2A4X5H8
A0A3M1VH40,Candidatus Dadabacteria bacterium | A0A3M1VH40
A0A7Y2E8Q7,Candidatus Eisenbacteria bacterium | A0A7Y2E8Q7
A0A0G0ZRF0,Candidatus Nomurabacteria bacterium GW2011_GWC2_41_8 | A0A0G0ZRF0
A0A554IMG3,Candidatus Peregrinibacteria bacterium Greene0416_62 | A0A554IMG3
A0A554M6I4,Candidatus Peregrinibacteria bacterium Greene1014_49 | A0A554M6I4
A0A0S1SPV4,Candidatus Peribacter riflensis | A0A0S1SPV4
A0A349D2I3,Candidatus Peribacteria bacterium | A0A349D2I3
A0A2A4U237,Elusimicrobia bacterium | A0A2A4U237
A0A846PDF4,Candidatus Latescibacteria bacterium | A0A846PDF4
A0A7Y2FGJ3,Gemmatimonadetes bacterium | A0A7Y2FGJ3
W4LSE2,Candidatus Entotheonella gemina | W4LSE2
A0A7C7W092,Nitrospira sp | A0A7C7W092
A0A2D7HW20,Deltaproteobacteria bacterium | A0A2D7HW20
A0A2D7PIZ8,Deltaproteobacteria bacterium | A0A2D7PIZ8
A0A2E2NPU7,Deltaproteobacteria bacterium | A0A2E2NPU7
A0A2E7MAJ9,Deltaproteobacteria bacterium | A0A2E7MAJ9
A0A3M2E106,Deltaproteobacteria bacterium | A0A3M2E106
A0A4P5VUA6,Deltaproteobacteria bacterium | A0A4P5VUA6
A0A7V3FMV2,Deltaproteobacteria bacterium | A0A7V3FMV2
A0A7W1B921,Deltaproteobacteria bacterium | A0A7W1B921
A0A353ESF2,Deltaproteobacteria bacterium | A0A353ESF2
A0A534W9A3,Deltaproteobacteria bacterium | A0A534W9A3
A0A534YH26,Deltaproteobacteria bacterium | A0A534YH26
A0A534YS08,Deltaproteobacteria bacterium | A0A534YS08
A0A2H0PEF3,Deltaproteobacteria bacterium CG11_big_fil_rev_8_21_14_0_20_47_16 | A0A2H0PEF3
A0A1F8WE83,Deltaproteobacteria bacterium GWA2_45_12 | A0A1F8WE83
A0A1F9FWF6,Deltaproteobacteria bacterium RIFCSPHIGHO2_02_FULL_44_16 | A0A1F9FWF6
A0A1F9GKK6,Deltaproteobacteria bacterium RIFCSPLOWO2_01_FULL_45_74 | A0A1F9GKK6
A0A1F9H5X7,Deltaproteobacteria bacterium RIFCSPLOWO2_02_FULL_40_36 | A0A1F9H5X7
A0A1F9HMM2,Deltaproteobacteria bacterium RIFCSPLOWO2_02_FULL_46_8 | A0A1F9HMM2
A0A848ZJC5,Desulfobacteraceae bacterium | A0A848ZJC5
A0A496XR62,Epsilonproteobacteria bacterium | A0A496XR62
A0A4Q5XI17,Myxococcales bacterium | A0A4Q5XI17
A0A7C7ZM11,Myxococcales bacterium | A0A7C7ZM11
A0A7C8CPF4,Myxococcales bacterium | A0A7C8CPF4
A0A7X7C7S9,Myxococcales bacterium | A0A7X7C7S9
A0A7X9HPB6,Myxococcales bacterium | A0A7X9HPB6
A0A7Y3DDR4,Myxococcales bacterium | A0A7Y3DDR4
A0A1W9QC34,Sorangiineae bacterium NIC37A_2 | A0A1W9QC34
A0A450YNR7,Candidatus Kentron sp. SD | A0A450YNR7
A0A450Z010,Candidatus Kentron sp. SD | A0A450Z010
A0A7V0PNE8,Chromatiales bacterium | A0A7V0PNE8
A0A257SVB7,Chromatiales bacterium 21-64-14 | A0A257SVB7
A0A7C1A0V2,Gammaproteobacteria bacterium | A0A7C1A0V2
A0A7C5NCB0,Gammaproteobacteria bacterium | A0A7C5NCB0
A0A661EN10,Gammaproteobacteria bacterium | A0A661EN10
A0A849TM97,Bacteriovoracaceae bacterium | A0A849TM97
T0CDL6,Bacteriovorax sp. BAL6_X | T0CDL6
T0REW7,Bacteriovorax sp. BSW11_IV | T0REW7
T0SJP8,Bacteriovorax sp. DB6_IX | T0SJP8
A0A1J5KGZ7,Bacteriovorax sp. MedPE-SWde | A0A1J5KGZ7
T0SMF1,Bacteriovorax sp. Seq25_V | T0SMF1
A0A2K9NTN0,Bacteriovorax stolpii | A0A2K9NTN0
A0A150WQJ8,Bdellovibrio bacteriovorus | A0A150WQJ8
Q6MRM1,Bdellovibrio bacteriovorus (strain ATCC 15356 / DSM 50701 / NCIMB 9529 / HD100) | Q6MRM1
K7YT41,Bdellovibrio bacteriovorus str. Tiberius | K7YT41
M4V527,Pseudobdellovibrio exovorus JSS | M4V527
A0A317JM14,Bdellovibrio sp | A0A317JM14
A0A258VAP8,Bdellovibrio sp. 28-41-41 | A0A258VAP8
A0A258VR48,Bdellovibrio sp. 28-41-41 | A0A258VR48
A0A0B8WV74,Bdellovibrio sp. ArHS | A0A0B8WV74
A0A2H0WGB2,Bdellovibrio sp. CG10_big_fil_rev_8_21_14_0_10_47_8 | A0A2H0WGB2
A0A514WSE3,Bdellovibrio sp. NC01 | A0A514WSE3
A0A3T0RMK7,Bdellovibrio sp. qaytius | A0A3T0RMK7
A0A254Q8K0,Bdellovibrio sp. SKB1291214 | A0A254Q8K0
A0A514XD40,Bdellovibrio sp. ZAP7 | A0A514XD40
A0A2D5ZUQ7,Bdellovibrionaceae bacterium | A0A2D5ZUQ7
A0A2D6JE81,Bdellovibrionaceae bacterium | A0A2D6JE81
A0A2D6JKW5,Bdellovibrionaceae bacterium | A0A2D6JKW5
A0A2E3WWW7,Bdellovibrionaceae bacterium | A0A2E3WWW7
A0A849WP48,Bdellovibrionaceae bacterium | A0A849WP48
A0A849WVR3,Bdellovibrionaceae bacterium | A0A849WVR3
A0A3D3GDM7,Bdellovibrionales bacterium | A0A3D3GDM7
A0A838F3U4,Bdellovibrionales bacterium | A0A838F3U4
A0A849WY59,Bdellovibrionales bacterium | A0A849WY59
A0A1F3T376,Bdellovibrionales bacterium GWB1_55_8 | A0A1F3T376
A0A1F3TPU5,Bdellovibrionales bacterium RIFCSPHIGHO2_01_FULL_40_29 | A0A1F3TPU5
A0A1F3VLF8,Bdellovibrionales bacterium RIFOXYC1_FULL_37_79 | A0A1F3VLF8
A0A1F3YCA2,Bdellovibrionales bacterium RIFOXYD1_FULL_55_31 | A0A1F3YCA2
A0A2E1RDX6,Halobacteriovoraceae bacterium | A0A2E1RDX6
A0A2E2UD47,Halobacteriovoraceae bacterium | A0A2E2UD47
A0A2E3W2R9,Halobacteriovoraceae bacterium | A0A2E3W2R9
A0A2E4D8G2,Halobacteriovoraceae bacterium | A0A2E4D8G2
A0A2E4Y315,Halobacteriovoraceae bacterium | A0A2E4Y315
E1WYC3,Halobacteriovorax marinus (strain ATCC BAA-682 / DSM 15412 / SJ) | E1WYC3
A0A2E5JLJ4,Halobacteriovorax sp | A0A2E5JLJ4
A0A2E6H7C5,Halobacteriovorax sp | A0A2E6H7C5
A0A2S3QU58,Halobacteriovorax sp. DA5 | A0A2S3QU58
A0A2G8HV32,Halobacteriovorax sp. JY17 | A0A2G8HV32
A0A3A0G721,Proteobacteria bacterium | A0A3A0G721
A0A4Q6CE65,Proteobacteria bacterium | A0A4Q6CE65
A0A424JF99,Proteobacteria bacterium TMED72 | A0A424JF99
A0A6M1YKP4,Candidatus Anoxychlamydiales bacterium | A0A6M1YKP4
A0A6M1YTN2,Candidatus Anoxychlamydiales bacterium | A0A6M1YTN2
A0A6M1Z6N0,Candidatus Anoxychlamydiales bacterium | A0A6M1Z6N0
A0A6M1ZI03,Candidatus Anoxychlamydiales bacterium | A0A6M1ZI03
A0A6M1ZS67,Candidatus Anoxychlamydiales bacterium | A0A6M1ZS67
A0A6G4ZSJ3,Chlamydiae bacterium | A0A6G4ZSJ3
A0A6M2A456,Chlamydiae bacterium | A0A6M2A456
A0A7X5TDC4,Chlamydiae bacterium | A0A7X5TDC4
A0A7X5TFU2,Chlamydiae bacterium | A0A7X5TFU2
A0A7Y3N6P9,Chlamydiae bacterium | A0A7Y3N6P9
A0A832DPN7,Chlamydiae bacterium | A0A832DPN7
A0A2H0VRH6,Chlamydiae bacterium CG10_big_fil_rev_8_21_14_0_10_35_9 | A0A2H0VRH6
F8L7X8,Simkania negevensis (strain ATCC VR-1471 / Z) | F8L7X8
D6YWW1,Waddlia chondrophila (strain ATCC VR-1470 / WSU 86-1044) | D6YWW1
F8LDV9,Waddlia chondrophila 2032/99 | F8LDV9
A0A2E3LXH5,Waddliaceae bacterium | A0A2E3LXH5
A0A136MFT4,Candidatus Brocadia sinica | A0A136MFT4
A0A0C9PZ15,Candidatus Brocadia sinica JPN1 | A0A0C9PZ15
A0A399WQ92,Candidatus Brocadia sp | A0A399WQ92
A0A640XSG0,Candidatus Brocadia sp. AMX2 | A0A640XSG0
A0A523CMH0,Candidatus Scalindua sp. AMX11 | A0A523CMH0
A0A7C2BU76,Phycisphaerales bacterium | A0A7C2BU76
A0A7C4T0X9,Phycisphaerales bacterium | A0A7C4T0X9
A0A7Y5VQT6,Planctomycetaceae bacterium | A0A7Y5VQT6
A0A1W9TAA6,Planctomycetales bacterium 4572_13 | A0A1W9TAA6
A0A2A4PEU7,Planctomycetes bacterium | A0A2A4PEU7
A0A2A5DAK1,Planctomycetes bacterium | A0A2A5DAK1
A0A2A5DLG9,Planctomycetes bacterium | A0A2A5DLG9
A0A2D5WC09,Planctomycetes bacterium | A0A2D5WC09
A0A2E1H2P9,Planctomycetes bacterium | A0A2E1H2P9
A0A2E1VTJ4,Planctomycetes bacterium | A0A2E1VTJ4
A0A3M1TRV9,Planctomycetes bacterium | A0A3M1TRV9
A0A7Y3U233,Planctomycetes bacterium | A0A7Y3U233
A0A7Y3XLQ0,Planctomycetes bacterium | A0A7Y3XLQ0
A0A1G3BJX8,Planctomycetes bacterium RIFCSPLOWO2_02_FULL_50_16 | A0A1G3BJX8
A0A3D3KQ33,Planctomycetia bacterium | A0A3D3KQ33
A0A5C1QUP3,Oceanispirochaeta crateris | A0A5C1QUP3
A0A370AY42,Oceanispirochaeta sp. M1 | A0A370AY42
A0A841RH88,Spirochaeta isovalerica | A0A841RH88
A0A2D7DN09,Spirochaeta sp | A0A2D7DN09
A0A6I7PFK7,Spirochaetaceae bacterium | A0A6I7PFK7
A0A8B5WPZ2,Spirochaetaceae bacterium | A0A8B5WPZ2
A0A1W9V968,Spirochaetaceae bacterium 4572_59 | A0A1W9V968
A0A2G6I076,Spirochaetales bacterium | A0A2G6I076
A0A5C1QGA0,Thiospirochaeta perfilievii | A0A5C1QGA0
A0A7X8HDP6,Treponema sp | A0A7X8HDP6
A0A2N1R427,Spirochaetae bacterium HGW-Spirochaetae-7 | A0A2N1R427
A0A496R340,Spirochaetes bacterium | A0A496R340
A0A660SUQ8,Spirochaetes bacterium | A0A660SUQ8
A0A660TA47,Spirochaetes bacterium | A0A660TA47
A0A1V6BQ79,Spirochaetes bacterium ADurb.Bin133 | A0A1V6BQ79
A0A1G3KL33,Spirochaetes bacterium GWB1_27_13 | A0A1G3KL33
A0A7C3TW14,bacterium | A0A7C3TW14
A0A7V7WKS1,bacterium | A0A7V7WKS1
A0A533SKR9,bacterium | A0A533SKR9
A0A1V5NCE7,bacterium ADurb.Bin400 | A0A1V5NCE7
A0A2H6JAE9,bacterium BMS3Bbin12 | A0A2H6JAE9
A0A1Z9BSG9,bacterium TMED88 | A0A1Z9BSG9
A0A2E6NJW5,Acidobacteria bacterium | A0A2E6NJW5
A0A2E7NCY3,Acidobacteria bacterium | A0A2E7NCY3
A0A7C2ETS7,candidate division NC10 bacterium | A0A7C2ETS7
A0A1F4Q587,candidate division NC10 bacterium RIFCSPLOWO2_02_FULL_66_22 | A0A1F4Q587
A0A523UV19,candidate division TA06 bacterium | A0A523UV19
A0A2M6WZT5,Candidatus Andersenbacteria bacterium CG10_big_fil_rev_8_21_14_0_10_54_11 | A0A2M6WZT5
A0A1G1X2W2,Candidatus Andersenbacteria bacterium RIFCSPHIGHO2_12_FULL_45_11 | A0A1G1X2W2
A0A1F5YCB8,Candidatus Glassbacteria bacterium RBG_16_58_8 | A0A1F5YCB8
A0A1F6LPN0,Candidatus Lindowbacteria bacterium RIFCSPLOWO2_12_FULL_62_27 | A0A1F6LPN0
A0A2H0S0K3,Candidatus Peregrinibacteria bacterium CG10_big_fil_rev_8_21_14_0_10_49_16 | A0A2H0S0K3
A0A2H0RP58,Candidatus Peregrinibacteria bacterium CG10_big_fil_rev_8_21_14_0_10_55_24 | A0A2H0RP58
A0A7Y4QFM2,Candidatus Peribacteraceae bacterium | A0A7Y4QFM2
A0A3M1S117,Candidatus Schekmanbacteria bacterium | A0A3M1S117
A0A554K9C6,Parcubacteria group bacterium Gr01-1014_31 | A0A554K9C6
A0A0G1LC34,Parcubacteria group bacterium GW2011_GWA2_45_14 | A0A0G1LC34
A0A2A4U4F1,Elusimicrobia bacterium | A0A2A4U4F1
A0A3B9YFL9,Elusimicrobia bacterium | A0A3B9YFL9
A0A3C1EPS7,Elusimicrobia bacterium | A0A3C1EPS7
A0A3C1EX96,Elusimicrobia bacterium | A0A3C1EX96
A0A3D1N0D2,Elusimicrobia bacterium | A0A3D1N0D2
A0A7C4EZV5,Elusimicrobia bacterium | A0A7C4EZV5
A0A7V4QPX6,Elusimicrobia bacterium | A0A7V4QPX6
A0A7Y3L400,Elusimicrobia bacterium | A0A7Y3L400
A0A350W5Z9,Elusimicrobia bacterium | A0A350W5Z9
A0A1J4YS72,Elusimicrobia bacterium CG1_02_37_114 | A0A1J4YS72
A0A2H0NZH6,Elusimicrobia bacterium CG11_big_fil_rev_8_21_14_0_20_64_6 | A0A2H0NZH6
A0A2H0DKN7,Elusimicrobia bacterium CG22_combo_CG10-13_8_21_14_all_63_91 | A0A2H0DKN7
A0A1F9R7C0,Elusimicrobia bacterium GWA2_66_18 | A0A1F9R7C0
A0A1F9RV46,Elusimicrobia bacterium GWA2_69_24 | A0A1F9RV46
A0A2N2EYA9,Elusimicrobia bacterium HGW-Elusimicrobia-1 | A0A2N2EYA9
A0A1F9VBW1,Elusimicrobia bacterium RBG_16_66_12 | A0A1F9VBW1
A0A1F9U0R5,Elusimicrobia bacterium RIFCSPLOWO2_01_FULL_54_10 | A0A1F9U0R5
A0A1F9UH79,Elusimicrobia bacterium RIFCSPLOWO2_01_FULL_59_12 | A0A1F9UH79
A0A1F9URQ3,Elusimicrobia bacterium RIFCSPLOWO2_01_FULL_59_12 | A0A1F9URQ3
A0A1F9X2L8,Elusimicrobia bacterium RIFOXYA2_FULL_39_19 | A0A1F9X2L8
A0A1F9WVL4,Elusimicrobia bacterium RIFOXYA2_FULL_50_26 | A0A1F9WVL4
A0A1F9VK35,Elusimicrobia bacterium RIFOXYA12_FULL_49_49 | A0A1F9VK35
A0A1F9Z557,Elusimicrobia bacterium RIFOXYD2_FULL_34_15 | A0A1F9Z557
A0A1F9YS31,Elusimicrobia bacterium RIFOXYD12_FULL_66_9 | A0A1F9YS31
A0A1J4V3K3,Candidatus Hydrogenedentes bacterium CG1_02_42_14 | A0A1J4V3K3
A0A3N5W0L3,Candidatus Latescibacteria bacterium | A0A3N5W0L3
A0A2D6E7R0,Gemmatimonadetes bacterium | A0A2D6E7R0
A0A7C7W2N4,Nitrospira sp | A0A7C7W2N4
A0A2D6BK07,Deltaproteobacteria bacterium | A0A2D6BK07
A0A2D6BLB9,Deltaproteobacteria bacterium | A0A2D6BLB9
A0A2D6MPL4,Deltaproteobacteria bacterium | A0A2D6MPL4
A0A2D6MV11,Deltaproteobacteria bacterium | A0A2D6MV11
A0A2D7I2C2,Deltaproteobacteria bacterium | A0A2D7I2C2
A0A2E3NEB3,Deltaproteobacteria bacterium | A0A2E3NEB3
A0A2E5YKX8,Deltaproteobacteria bacterium | A0A2E5YKX8
A0A2E9GR49,Deltaproteobacteria bacterium | A0A2E9GR49
A0A2E9GVV8,Deltaproteobacteria bacterium | A0A2E9GVV8
A0A3M1CW59,Deltaproteobacteria bacterium | A0A3M1CW59
A0A3M1CXZ6,Deltaproteobacteria bacterium | A0A3M1CXZ6
A0A3M2AIN5,Deltaproteobacteria bacterium | A0A3M2AIN5
A0A3M2DM94,Deltaproteobacteria bacterium | A0A3M2DM94
A0A4Q3L5F5,Deltaproteobacteria bacterium | A0A4Q3L5F5
A0A7C2NHU0,Deltaproteobacteria bacterium | A0A7C2NHU0
A0A7C2SBP3,Deltaproteobacteria bacterium | A0A7C2SBP3
A0A7C4PUZ6,Deltaproteobacteria bacterium | A0A7C4PUZ6
A0A7V1IMG8,Deltaproteobacteria bacterium | A0A7V1IMG8
A0A7V1NBG0,Deltaproteobacteria bacterium | A0A7V1NBG0
A0A7V3SQP7,Deltaproteobacteria bacterium | A0A7V3SQP7
A0A7V9RH42,Deltaproteobacteria bacterium | A0A7V9RH42
A0A7W0VNZ6,Deltaproteobacteria bacterium | A0A7W0VNZ6
A0A7W0WZ05,Deltaproteobacteria bacterium | A0A7W0WZ05
A0A523J6M5,Deltaproteobacteria bacterium | A0A523J6M5
A0A523J7G5,Deltaproteobacteria bacterium | A0A523J7G5
A0A523JB45,Deltaproteobacteria bacterium | A0A523JB45
A0A523KJV0,Deltaproteobacteria bacterium | A0A523KJV0
A0A534PT43,Deltaproteobacteria bacterium | A0A534PT43
A0A534Q2D1,Deltaproteobacteria bacterium | A0A534Q2D1
A0A534Q5W1,Deltaproteobacteria bacterium | A0A534Q5W1
A0A534QAD6,Deltaproteobacteria bacterium | A0A534QAD6
A0A534SUR8,Deltaproteobacteria bacterium | A0A534SUR8
A0A534U0C7,Deltaproteobacteria bacterium | A0A534U0C7
A0A534VZT2,Deltaproteobacteria bacterium | A0A534VZT2
A0A538QVS1,Deltaproteobacteria bacterium | A0A538QVS1
A0A661NYP2,Deltaproteobacteria bacterium | A0A661NYP2
A0A1Q7M5D7,Deltaproteobacteria bacterium 13_1_40CM_3_69_14 | A0A1Q7M5D7
A0A2M8FXL5,Deltaproteobacteria bacterium CG_4_9_14_0_2_um_filter_42_21 | A0A2M8FXL5
A0A2H0PM38,Deltaproteobacteria bacterium CG11_big_fil_rev_8_21_14_0_20_45_16 | A0A2H0PM38
A0A2H0PCU9,Deltaproteobacteria bacterium CG11_big_fil_rev_8_21_14_0_20_47_16 | A0A2H0PCU9
A0A2H0P3F2,Deltaproteobacteria bacterium CG11_big_fil_rev_8_21_14_0_20_49_13 | A0A2H0P3F2
A0A1F9H5K8,Deltaproteobacteria bacterium RIFCSPLOWO2_02_FULL_40_36 | A0A1F9H5K8
A0A1F9LHM1,Deltaproteobacteria bacterium RIFOXYA12_FULL_58_15 | A0A1F9LHM1
A0A1F9MU12,Deltaproteobacteria bacterium RIFOXYB12_FULL_58_9 | A0A1F9MU12
A0A0C1Z8D0,Enhygromyxa salina | A0A0C1Z8D0
A0A0C2D3N4,Enhygromyxa salina | A0A0C2D3N4
A0A2S9XMF4,Enhygromyxa salina | A0A2S9XMF4
A0A2S9XMT8,Enhygromyxa salina | A0A2S9XMT8
A0A2S9YIA0,Enhygromyxa salina | A0A2S9YIA0
A0A2S9YM89,Enhygromyxa salina | A0A2S9YM89
D0LYE7,Haliangium ochraceum (strain DSM 14365 / JCM 11303 / SMP-2) | D0LYE7
D0LYZ1,Haliangium ochraceum (strain DSM 14365 / JCM 11303 / SMP-2) | D0LYZ1
A0A7Y6UEK4,Kofleriaceae bacterium | A0A7Y6UEK4
A0A2E6DHA5,Myxococcales bacterium | A0A2E6DHA5
A0A2E6VRS9,Myxococcales bacterium | A0A2E6VRS9
A0A7C7U4K3,Myxococcales bacterium | A0A7C7U4K3
A0A7C7XUT3,Myxococcales bacterium | A0A7C7XUT3
A0A7C7Y5J0,Myxococcales bacterium | A0A7C7Y5J0
A0A7C7YIZ8,Myxococcales bacterium | A0A7C7YIZ8
A0A7X7GUH9,Myxococcales bacterium | A0A7X7GUH9
A0A7Y3D7T1,Myxococcales bacterium | A0A7Y3D7T1
A0A7Y3DDG0,Myxococcales bacterium | A0A7Y3DDG0
A0A7Y3GWD6,Myxococcales bacterium | A0A7Y3GWD6
A0A7Y3M835,Myxococcales bacterium | A0A7Y3M835
A0A7Z9G8R7,Myxococcales bacterium | A0A7Z9G8R7
A0A1I2CCL3,Nannocystis exedens | A0A1I2CCL3
A6GF99,Plesiocystis pacifica SIR-1 | A6GF99
A6GGA7,Plesiocystis pacifica SIR-1 | A6GGA7
A6GJS9,Plesiocystis pacifica SIR-1 | A6GJS9
A0A5C7ZTX2,Dokdonella sp | A0A5C7ZTX2
T0CBS3,Bacteriovorax sp. BAL6_X | T0CBS3
T0RDQ6,Bacteriovorax sp. BSW11_IV | T0RDQ6
T0RYW6,Bacteriovorax sp. DB6_IX | T0RYW6
A0A1J5K7E3,Bacteriovorax sp. MedPE-SWde | A0A1J5K7E3
T0RAZ7,Bacteriovorax sp. Seq25_V | T0RAZ7
A0A1Z3N5Q0,Bdellovibrio bacteriovorus | A0A1Z3N5Q0
A0A150WPP9,Bdellovibrio bacteriovorus | A0A150WPP9
A0A2H0WAZ4,Bdellovibrio sp. CG10_big_fil_rev_8_21_14_0_10_47_8 | A0A2H0WAZ4
A0A3T0RNW3,Bdellovibrio sp. qaytius | A0A3T0RNW3
A0A2D5ZV39,Bdellovibrionaceae bacterium | A0A2D5ZV39
A0A2H0Q996,Bdellovibrionales bacterium CG11_big_fil_rev_8_21_14_0_20_38_13 | A0A2H0Q996
A0A1F3SRL5,Bdellovibrionales bacterium RBG_16_40_8 | A0A1F3SRL5
A0A1F3VA77,Bdellovibrionales bacterium RIFOXYC1_FULL_39_130 | A0A1F3VA77
A0A1F3X3W9,Bdellovibrionales bacterium RIFOXYD1_FULL_44_7 | A0A1F3X3W9
A0A1F3XVV8,Bdellovibrionales bacterium RIFOXYD1_FULL_55_31 | A0A1F3XVV8
A0A2E3W293,Halobacteriovoraceae bacterium | A0A2E3W293
A0A2E3XN53,Halobacteriovoraceae bacterium | A0A2E3XN53
A0A2E4D9Z6,Halobacteriovoraceae bacterium | A0A2E4D9Z6
A0A1Y5F7X1,Halobacteriovorax marinus | A0A1Y5F7X1
A0A1Y5FHQ1,Halobacteriovorax marinus | A0A1Y5FHQ1
E1WXM4,Halobacteriovorax marinus (strain ATCC BAA-682 / DSM 15412 / SJ) | E1WXM4
A0A2D5YQG1,Halobacteriovorax sp | A0A2D5YQG1
A0A2E6H2U3,Halobacteriovorax sp | A0A2E6H2U3
A0A2S3QLP3,Halobacteriovorax sp. DA5 | A0A2S3QLP3
A0A2G8HQZ1,Halobacteriovorax sp. JY17 | A0A2G8HQZ1
A0A4Z0L0F4,Halobacteriovorax sp. Y22 | A0A4Z0L0F4
A0A2W4M9F3,Proteobacteria bacterium | A0A2W4M9F3
A0A4V2B398,Proteobacteria bacterium | A0A4V2B398
A0A1W9HT56,Proteobacteria bacterium SG_bin7 | A0A1W9HT56
A0A1W9I3K5,Proteobacteria bacterium SG_bin7 | A0A1W9I3K5
A0A424K8R2,Proteobacteria bacterium TMED72 | A0A424K8R2
A0A1G1IVY5,Omnitrophica bacterium GWA2_52_12 | A0A1G1IVY5
A0A6M1ZCZ0,Candidatus Anoxychlamydiales bacterium | A0A6M1ZCZ0
A0A6M2ACT9,Candidatus Anoxychlamydiales bacterium | A0A6M2ACT9
A0A6M1Z3K5,Chlamydiae bacterium | A0A6M1Z3K5
A0A6M2A084,Chlamydiae bacterium | A0A6M2A084
A0A1F8JWK4,Chlamydiae bacterium RIFCSPLOWO2_01_FULL_28_7 | A0A1F8JWK4
A0A1U9NLH9,Anaerohalosphaera lusitana | A0A1U9NLH9
A0A0B0EII8,Candidatus Scalindua brodae | A0A0B0EII8
A0A286TUA2,Candidatus Scalindua japonica | A0A286TUA2
Q1Q6V0,Kuenenia stuttgartiensis | Q1Q6V0
A0A1Q2MET2,Limihaloglobus sulfuriphilus | A0A1Q2MET2
A0A0S8E952,Phycisphaerae bacterium SG8_4 | A0A0S8E952
A0A0S8KK53,Phycisphaerae bacterium SM1_79 | A0A0S8KK53
A0A3D3UL95,Phycisphaerales bacterium | A0A3D3UL95
A0A7C1IS36,Phycisphaerales bacterium | A0A7C1IS36
A0A7C3T5T2,Phycisphaerales bacterium | A0A7C3T5T2
A0A7V2N2F1,Phycisphaerales bacterium | A0A7V2N2F1
A0A7Y4RAC5,Phycisphaerales bacterium | A0A7Y4RAC5
A0A353P6V5,Phycisphaerales bacterium | A0A353P6V5
A0A2A4P2F3,Planctomycetes bacterium | A0A2A4P2F3
A0A2D5NES6,Planctomycetes bacterium | A0A2D5NES6
A0A2D6A2E9,Planctomycetes bacterium | A0A2D6A2E9
A0A2E1H726,Planctomycetes bacterium | A0A2E1H726
A0A2E1VRS0,Planctomycetes bacterium | A0A2E1VRS0
A0A2E1X7U2,Planctomycetes bacterium | A0A2E1X7U2
A0A2E3A8C0,Planctomycetes bacterium | A0A2E3A8C0
A0A2E5X7L9,Planctomycetes bacterium | A0A2E5X7L9
A0A2E6D4G7,Planctomycetes bacterium | A0A2E6D4G7
A0A2E6NPX7,Planctomycetes bacterium | A0A2E6NPX7
A0A2E7RLJ0,Planctomycetes bacterium | A0A2E7RLJ0
A0A2G6JFU2,Planctomycetes bacterium | A0A2G6JFU2
A0A3M2ACD4,Planctomycetes bacterium | A0A3M2ACD4
A0A4P5XE30,Planctomycetes bacterium | A0A4P5XE30
A0A7C2AKV4,Planctomycetes bacterium | A0A7C2AKV4
A0A7C3EKQ6,Planctomycetes bacterium | A0A7C3EKQ6
A0A7C5EDQ6,Planctomycetes bacterium | A0A7C5EDQ6
A0A7C5Q091,Planctomycetes bacterium | A0A7C5Q091
A0A7C7YVX2,Planctomycetes bacterium | A0A7C7YVX2
A0A7C8AGR3,Planctomycetes bacterium | A0A7C8AGR3
A0A7V2XGK7,Planctomycetes bacterium | A0A7V2XGK7
A0A7V7D512,Planctomycetes bacterium | A0A7V7D512
A0A7V7MIF8,Planctomycetes bacterium | A0A7V7MIF8
A0A7X8IDD5,Planctomycetes bacterium | A0A7X8IDD5
A0A353FL24,Planctomycetes bacterium | A0A353FL24
A0A521H8P0,Planctomycetes bacterium | A0A521H8P0
A0A521KA39,Planctomycetes bacterium | A0A521KA39
A0A523PUF1,Planctomycetes bacterium | A0A523PUF1
A0A660UTZ6,Planctomycetes bacterium | A0A660UTZ6
A0A660UZL0,Planctomycetes bacterium | A0A660UZL0
A0A660V9Q7,Planctomycetes bacterium | A0A660V9Q7
A0A660VQL6,Planctomycetes bacterium | A0A660VQL6
A0A800E729,Planctomycetes bacterium | A0A800E729
A0A800KK32,Planctomycetes bacterium | A0A800KK32
A0A800N249,Planctomycetes bacterium | A0A800N249
A0A1V6G224,Planctomycetes bacterium ADurb.Bin069 | A0A1V6G224
A0A1V5N4A3,Planctomycetes bacterium ADurb.Bin401 | A0A1V5N4A3
A0A1V5MYS4,Planctomycetes bacterium ADurb.Bin412 | A0A1V5MYS4
A0A1G2X6B3,Planctomycetes bacterium GWC2_45_44 | A0A1G2X6B3
A0A1G2XG06,Planctomycetes bacterium GWC2_49_10 | A0A1G2XG06
A0A1G2YF46,Planctomycetes bacterium GWF2_50_10 | A0A1G2YF46
A0A518D1Z8,Planctomycetes bacterium Pla163 | A0A518D1Z8
A0A518EQB7,Planctomycetes bacterium Poly30 | A0A518EQB7
A0A1G2YMK7,Planctomycetes bacterium RBG_13_44_8b | A0A1G2YMK7
A0A1G3BGJ0,Planctomycetes bacterium RIFCSPHIGHO2_12_FULL_52_36 | A0A1G3BGJ0
A0A0S8G1S7,Planctomycetes bacterium SM23_32 | A0A0S8G1S7
A0A0S8J1C7,Planctomycetes bacterium SM23_65 | A0A0S8J1C7
A0A1Z8SJX4,Planctomycetia bacterium TMED53 | A0A1Z8SJX4
A0A1W6LM19,Sedimentisphaera salicampi | A0A1W6LM19
B0SMR4,Leptospira biflexa serovar Patoc (strain Patoc 1 / ATCC 23582 / Paris) | B0SMR4
Q04ST8,Leptospira borgpetersenii serovar Hardjo-bovis (strain JB197) | Q04ST8
A0A6N4QEX4,Leptospira kanakyensis | A0A6N4QEX4
A0A4R9K957,Leptospira ognonensis | A0A4R9K957
A0A2M9ZN55,Leptospira perolatii | A0A2M9ZN55
M6YVB3,Leptospira santarosai str. 200702252 | M6YVB3
A0A2M8HRQ6,Leptospira sp | A0A2M8HRQ6
N1VM61,Leptospira terpstrae serovar Hualin str. LT 11-33 = ATCC 700639 | N1VM61
A0A2E9Q575,Spirochaetaceae bacterium | A0A2E9Q575
A0A1W9VSC9,Spirochaetaceae bacterium 4572_7 | A0A1W9VSC9
A0A5C7LNW3,Spirochaetes bacterium | A0A5C7LNW3
A0A1F6RHI5,Candidatus Melainabacteria bacterium RIFCSPHIGHO2_02_FULL_34_12 | A0A1F6RHI5
A0A1F6QJS1,Candidatus Melainabacteria bacterium RIFCSPLOWO2_12_FULL_35_11 | A0A1F6QJS1
A0A388TCI8,Candidatus Termititenax aidoneus | A0A388TCI8
A0A388TEX5,Candidatus Termititenax persephonae | A0A388TEX5
A0A2D6IMW3,bacterium | A0A2D6IMW3
A0A496UR37,bacterium | A0A496UR37
A0A522YSX4,bacterium | A0A522YSX4
A0A661A437,bacterium | A0A661A437
A0A2M7YQL6,bacterium CG_4_9_14_3_um_filter_65_15 | A0A2M7YQL6
A0A2G6G5I3,bacterium DOLZORAL124_64_63 | A0A2G6G5I3
A0A1Z9BVY6,bacterium TMED88 | A0A1Z9BVY6
A0A2H0C4V8,Candidatus Peregrinibacteria bacterium CG22_combo_CG10-13_8_21_14_all_49_11 | A0A2H0C4V8
A0A2M7DT38,Elusimicrobia bacterium CG02_land_8_20_14_3_00_37_13 | A0A2M7DT38
A0A1G2Y0R5,Planctomycetes bacterium GWF2_41_51 | A0A1G2Y0R5
A0A357BV16,Phycisphaerales bacterium | A0A357BV16
A0A0S7X332,Planctomycetes bacterium DG_58 | A0A0S7X332
A0A519CE04,Euryarchaeota archaeon | A0A519CE04
A0A1Z9I2D8,Euryarchaeota archaeon TMED164 | A0A1Z9I2D8
A0A2E7GY55,Euryarchaeota archaeon | A0A2E7GY55
A0A3A5V4U5,Candidatus Poseidoniales archaeon | A0A3A5V4U5
A0A2A5VNN0,Marine Group II euryarchaeote MED-G35 | A0A2A5VNN0
A0A327GVC1,Euryarchaeota archaeon | A0A327GVC1
A0A2E5YCP5,Euryarchaeota archaeon | A0A2E5YCP5
A0A2D6DMN4,Euryarchaeota archaeon | A0A2D6DMN4
A0A2E7LR89,Euryarchaeota archaeon | A0A2E7LR89
A0A519DGH4,Euryarchaeota archaeon | A0A519DGH4
A0A7J4HKK3,Candidatus Poseidoniales archaeon | A0A7J4HKK3
A0A2D7BGF3,Euryarchaeota archaeon | A0A2D7BGF3
A0A2E5ZBY9,Euryarchaeota archaeon | A0A2E5ZBY9
A0A2E4CWL9,Euryarchaeota archaeon | A0A2E4CWL9
A0A2D7UYD2,Acidimicrobiaceae bacterium | A0A2D7UYD2
A0A2E4WW87,Euryarchaeota archaeon | A0A2E4WW87
A0A2E4JW32,Euryarchaeota archaeon | A0A2E4JW32
A0A2E8NPL2,Euryarchaeota archaeon | A0A2E8NPL2
A0A1J5DEK3,Deltaproteobacteria bacterium CG2_30_63_29 | A0A1J5DEK3
A0A2M8BNB0,Deltaproteobacteria bacterium CG_4_9_14_3_um_filter_63_12 | A0A2M8BNB0
A0A1V5QNA2,archaeon ADurb.Bin336 | A0A1V5QNA2
A0A7H9MJT3,Bdellovibrio sp. KM01 | A0A7H9MJT3
A0A150WCZ0,Bdellovibrio bacteriovorus | A0A150WCZ0
A0A829BVW3,Leptospira noguchii str. Bonito | A0A829BVW3
M6UGI0,Leptospira noguchii serovar Autumnalis str. ZUN142 | M6UGI0
M6VS38,Leptospira noguchii | M6VS38
M6Y516,Leptospira noguchii str. 2001034031 | M6Y516
T0FC67,Leptospira noguchii serovar Panama str. CZ214 | T0FC67
A0A8J7RFZ6,Halorubrum trapanicum | A0A8J7RFZ6
A0A098MYJ0,Leptospira interrogans serovar Lai | A0A098MYJ0
A0A0C5XCQ1,Leptospira interrogans serovar Linhai str. 56609 | A0A0C5XCQ1
A0A0E2B405,Leptospira kirschneri str. H1 | A0A0E2B405
A0A0E2D4E9,Leptospira interrogans str. UI 12758 | A0A0E2D4E9
A0A0F6H834,Leptospira interrogans str. UI 12621 | A0A0F6H834
A0A0F6I995,Leptospira interrogans str. FPW1039 | A0A0F6I995
A0A0M4N9I8,Leptospira interrogans serovar Hardjo str. Norma | A0A0M4N9I8
A0A1B9FHM7,Leptospira interrogans serovar Canicola | A0A1B9FHM7
A0A1N6WIY6,Leptospira interrogans | A0A1N6WIY6
A0A1T1DVW9,Leptospira kirschneri serovar Pomona | A0A1T1DVW9
A0A2H1XGH2,Leptospira interrogans serovar Manilae | A0A2H1XGH2
A0A6L6R0V8,Leptospira interrogans serogroup Icterohaemorrhagiae serovar copenhageni | A0A6L6R0V8
A0A828Y2Y9,Leptospira kirschneri str. 200802841 | A0A828Y2Y9
A0A829D6S4,Leptospira interrogans str. 2002000626 | A0A829D6S4
A0A867ZGV8,Leptospira interrogans serovar Icterohaemorrhagiae | A0A867ZGV8
A0A868AW84,Leptospira interrogans serovar Bataviae | A0A868AW84
A0A8I0U3R0,Leptospira interrogans serovar Pomona | A0A8I0U3R0
M3EU49,Leptospira interrogans serovar Lora str. TE 1992 | M3EU49
M3H7F9,Leptospira interrogans serovar Copenhageni str. LT2050 | M3H7F9
M3I354,Leptospira interrogans serovar Grippotyphosa str. LT2186 | M3I354
M6F8L0,Leptospira kirschneri serovar Bulgarica str. Nikolaevo | M6F8L0
M6G861,Leptospira interrogans str. 2006001854 | M6G861
M6HN23,Leptospira interrogans serovar Zanoni str. LT2156 | M6HN23
M6KRD7,Leptospira interrogans serovar Pyrogenes str. L0374 | M6KRD7
M6RIA4,Leptospira interrogans serovar Icterohaemorrhagiae str. Verdun HP | M6RIA4
M6X1T2,Leptospira kirschneri str. 200801925 | M6X1T2
N1UX82,Leptospira interrogans serovar Australis str. 200703203 | N1UX82
Q8F3E8,Leptospira interrogans serogroup Icterohaemorrhagiae serovar Lai (strain 56601) | Q8F3E8
A0A1D7V2G0,Leptospira tipperaryensis | A0A1D7V2G0
A0A2M9XTC8,Leptospira kmetyi | A0A2M9XTC8
A0A2M9YM31,Leptospira adleri | A0A2M9YM31
A0A2M9YZ09,Leptospira barantonii | A0A2M9YZ09
A0A2N0BC82,Leptospira ellisii | A0A2N0BC82
A0A4R9L0L4,Leptospira stimsonii | A0A4R9L0L4
A0A5F1YRQ6,Leptospira gomenensis | A0A5F1YRQ6
A0A5F2BBU8,Leptospira yasudae | A0A5F2BBU8
M6CMM3,Leptospira alstonii serovar Sichuan str. 79601 | M6CMM3
N1W8F4,Leptospira weilii serovar Ranarum str. ICFT | N1W8F4
T0FUQ2,Leptospira alstonii serovar Pingchang str. 80-412 | T0FUQ2
A0A0E2BBQ2,Leptospira santarosai str. MOR084 | A0A0E2BBQ2
A0A0E2DTF5,Leptospira santarosai str. JET | A0A0E2DTF5
A0A0E3B7N1,Leptospira borgpetersenii serovar Ballum | A0A0E3B7N1
A0A0G8BJ00,Leptospira santarosai | A0A0G8BJ00
A0A0M1YU07,Leptospira santarosai str. AIM | A0A0M1YU07
A0A3S9KJR8,Leptospira mayottensis 200901116 | A0A3S9KJR8
A0A5F2EJC2,Leptospira mayottensis | A0A5F2EJC2
A0A828Z049,Leptospira weilii str. 2006001853 | A0A828Z049
K8Y1I2,Leptospira santarosai serovar Shermani str. LT 821 | K8Y1I2
M3FMC7,Leptospira weilii serovar Topaz str. LT2116 | M3FMC7
M3GRV7,Leptospira borgpetersenii str. 200701203 | M3GRV7
M6AHX1,Leptospira sp. P2653 | M6AHX1
M6BZX1,Leptospira borgpetersenii serovar Hardjo-bovis str. Sponselee | M6BZX1
M6EFV1,Leptospira sp. serovar Kenya str. Sh9 | M6EFV1
M6FE73,Leptospira weilii str. 2006001855 | M6FE73
M6JFW5,Leptospira santarosai serovar Arenal str. MAVJ 401 | M6JFW5
M6QHV7,Leptospira weilii str. UI 13098 | M6QHV7
M6UUJ8,Leptospira santarosai str. ZUN179 | M6UUJ8
M6W4W9,Leptospira santarosai str. CBC1416 | M6W4W9
M6WQT4,Leptospira borgpetersenii serovar Pomona str. 200901868 | M6WQT4
N1TYR4,Leptospira weilii str. Ecochallenge | N1TYR4
V6HVC6,Leptospira alexanderi serovar Manhao 3 str. L 60 | V6HVC6
A0A2E1Q3M8,Bdellovibrionaceae bacterium | A0A2E1Q3M8
A0A1E3XAB4,Candidatus Scalindua rubra | A0A1E3XAB4
Q72S85,Leptospira interrogans serogroup Icterohaemorrhagiae serovar copenhageni (strain Fiocruz L1-130) | Q72S85
K6J159,Leptospira sp. Fiocruz LV3954 | K6J159
M5V6J6,Leptospira sp. Fiocruz LV4135 | M5V6J6
A0A8J8P565,Halonotius terrestris | A0A8J8P565
A0A7X7ET62,Phycisphaerae bacterium | A0A7X7ET62
A0A8J7YBS1,Halomicroarcula limicola | A0A8J7YBS1
A0A8J8GHG9,Haloterrigena sp. SYSU A121-1 | A0A8J8GHG9
A0A8E8EX11,Halorubrum sp. 2020YC2 | A0A8E8EX11
A0A8J7UMW7,Halorubrum trapanicum | A0A8J7UMW7
A0A8J7YKT9,Halomicroarcula salinisoli | A0A8J7YKT9
A0A8G1H6G7,Salinarchaeum sp. IM2453 | A0A8G1H6G7
A0A7K4BZI2,Candidatus Diapherotrites archaeon | A0A7K4BZI2
A0A8J8JMP9,Natronococcus sp. JC468 | A0A8J8JMP9
A0A8J8TR97,Natronococcus pandeyae | A0A8J8TR97
A0A2E5RZU0,Leptospiraceae bacterium | A0A2E5RZU0
A0A2E8PVV0,Spirochaetaceae bacterium | A0A2E8PVV0
A0A8J8F1F2,Natronococcus sp. JC468 | A0A8J8F1F2
A0A8J8DFG9,Thermococcus sp. MAR1 | A0A8J8DFG9
A0A8J8EGP3,Thermococcus sp. ES12 | A0A8J8EGP3
A0A1F9G6Y1,Deltaproteobacteria bacterium RBG_16_71_12 | A0A1F9G6Y1
A0A8J8A031,Haloarcula sp. R1-2 | A0A8J8A031
A0A8J8P961,Halonotius terrestris | A0A8J8P961
A0A8J8CTP3,Halorubellus sp. JP-L1 | A0A8J8CTP3
A0A8J8TBP6,Halonotius terrestris | A0A8J8TBP6
A0A524E8H0,Thorarchaeota archaeon (strain OWC) | A0A524E8H0
A0A831W2Z9,Chromatiales bacterium | A0A831W2Z9
A0A6A8ATV4,archaeon | A0A6A8ATV4
A0A8J8E3T7,Thermococcus sp. 9N3 | A0A8J8E3T7
A0A1G2YIV9,Planctomycetes bacterium GWF2_42_9 | A0A1G2YIV9
A0A5E4JHT2,uncultured archaeon | A0A5E4JHT2
A0A831P1B3,candidate division Zixibacteria bacterium | A0A831P1B3
A0A1F9GLG1,Deltaproteobacteria bacterium RIFCSPLOWO2_01_FULL_45_74 | A0A1F9GLG1
A0A8J8CVC0,Halostella sp. JP-L12 | A0A8J8CVC0
A0A8J7YJM1,Halomicroarcula salinisoli | A0A8J7YJM1
A0A8J7X5Y6,Candidatus Altiarchaeota archaeon | A0A8J7X5Y6
A0A842RMV7,Candidatus Lokiarchaeota archaeon | A0A842RMV7
A0A842UFQ0,Candidatus Altiarchaeales archaeon | A0A842UFQ0
A0A382ZDL5,marine metagenome | A0A382ZDL5
A0A8J8J1P3,Thermococcus sp. 18S1 | A0A8J8J1P3
A0A532TVR1,Candidatus Lokiarchaeota archaeon Loki_b31 | A0A532TVR1
A0A7J4IVH2,Candidatus Diapherotrites archaeon | A0A7J4IVH2
A0A2M6X6B6,Bdellovibrionales bacterium CG10_big_fil_rev_8_21_14_0_10_45_34 | A0A2M6X6B6
A0A842WWZ7,Candidatus Lokiarchaeota archaeon | A0A842WWZ7
A0A2M9ZDC3,Leptospira wolffii | A0A2M9ZDC3
A0A4R9GML6,Leptospira fluminis | A0A4R9GML6
A0A4V3JCI2,Leptospira fletcheri | A0A4V3JCI2
S3UQY5,Leptospira wolffii serovar Khorat str. Khorat-H2 | S3UQY5
S3W750,Leptospira fainei serovar Hurstbridge str. BUT 6 | S3W750
T0FHF5,Leptospira broomii serovar Hurstbridge str. 5399 | T0FHF5
V6HHX7,Leptospira inadai serovar Lyme str. 10 | V6HHX7
A0A5C9EMZ4,Candidatus Lokiarchaeota archaeon | A0A5C9EMZ4
X1EPX6,marine sediment metagenome | X1EPX6
A0A7K4GKH2,Candidatus Lokiarchaeota archaeon | A0A7K4GKH2
A0A2E3XV65,Halobacteriovoraceae bacterium | A0A2E3XV65
A0A7K4HIJ1,Candidatus Lokiarchaeota archaeon | A0A7K4HIJ1
X0ZCW4,marine sediment metagenome | X0ZCW4
A0A2N1UCC2,Planctomycetes bacterium HGW-Planctomycetes-1 | A0A2N1UCC2
A0A2N0AHZ0,Leptospira harrisiae | A0A2N0AHZ0
A0A4R9I195,Leptospira noumeaensis | A0A4R9I195
A0A4R9II19,Leptospira bourretii | A0A4R9II19
A0A5F2DK70,Leptospira mtsangambouensis | A0A5F2DK70
A0A6H3P2J7,Leptospira bandrabouensis | A0A6H3P2J7
A0A4R8MQL3,Leptospira meyeri | A0A4R8MQL3
A0A4R9IY18,Leptospira yanagawae | A0A4R9IY18
A0A6D2A794,Leptospira bourretii | A0A6D2A794
A0A4R9JG39,Leptospira perdikensis | A0A4R9JG39
A0A4Z1AAV8,Leptospira congkakensis | A0A4Z1AAV8
X1RQN5,marine sediment metagenome | X1RQN5
A0A2M9XYU3,Leptospira brenneri | A0A2M9XYU3
A0A2N0AUS7,Leptospira levettii | A0A2N0AUS7
A0A2P2DCH1,Leptospira ellinghausenii | A0A2P2DCH1
A0A4R9JU60,Leptospira kemamanensis | A0A4R9JU60
A0A4R9LJ18,Leptospira vanthielii | A0A4R9LJ18
A0A4Z1A137,Leptospira jelokensis | A0A4Z1A137
A0A5E8HCX5,Leptospira yanagawae serovar Saopaulo str. Sao Paulo = ATCC 700523 | A0A5E8HCX5
A0A7I0HSB2,Leptospira bouyouniensis | A0A7I0HSB2
N1W469,Leptospira vanthielii serovar Holland str. Waz Holland = ATCC 700522 | N1W469
R9A929,Leptospira wolbachii serovar Codice str. CDC | R9A929
A0A532UGV6,Planctomycetes bacterium B3_Pla | A0A532UGV6
A0A2M6WB37,Candidatus Kuenenbacteria bacterium CG10_big_fil_rev_8_21_14_0_10_36_11 | A0A2M6WB37
A0A497Q9G7,Thorarchaeota archaeon (strain OWC) | A0A497Q9G7
A0A2D6F216,archaeon | A0A2D6F216
A0A2M9XC52,Leptospira hartskeerlii | A0A2M9XC52
A0A2M9YF63,Leptospira saintgironsiae | A0A2M9YF63
A0A2M9ZW33,Leptospira neocaledonica | A0A2M9ZW33
A0A2N0BT62,Leptospira haakeii | A0A2N0BT62
A0A2P2CZG5,Leptospira johnsonii | A0A2P2CZG5
A0A4R9FQ18,Leptospira semungkisensis | A0A4R9FQ18
A0A4R9FXZ6,Leptospira selangorensis | A0A4R9FXZ6
A0A4R9HBA0,Leptospira andrefontaineae | A0A4R9HBA0
A0A4R9J4L6,Leptospira koniambonensis | A0A4R9J4L6
A0A4R9K179,Leptospira sarikeiensis | A0A4R9K179
A0A4Z1AFK2,Leptospira dzoumogneensis | A0A4Z1AFK2
A0A5F1ZPV8,Leptospira langatensis | A0A5F1ZPV8
A0A5F2DZT8,Leptospira licerasiae | A0A5F2DZT8
I0XMV3,Leptospira licerasiae serovar Varillal str. VAR 010 | I0XMV3
M6CYJ4,Leptospira sp. B5-022 | M6CYJ4
A0A2H0QFA2,Bdellovibrio sp. CG11_big_fil_rev_8_21_14_0_20_39_38 | A0A2H0QFA2
A0A0B5HNK5,Archaeon GW2011_AR10 | A0A0B5HNK5
A0A7J4ISK7,Candidatus Diapherotrites archaeon | A0A7J4ISK7
A0A3C0VFA2,Planctomycetes bacterium | A0A3C0VFA2
A0A8J8BP93,Candidatus Altiarchaeota archaeon | A0A8J8BP93
A0A8J8A9S1,Thermococcus sp. JdF3 | A0A8J8A9S1
A0A524C7F5,Candidatus Lokiarchaeota archaeon | A0A524C7F5
A0A8J8EW64,Thermococcus sp. Bubb.Bath | A0A8J8EW64
X1C569,marine sediment metagenome | X1C569
A0A2G9N2E6,Candidatus Diapherotrites archaeon CG11_big_fil_rev_8_21_14_0_20_37_9 | A0A2G9N2E6
A0A2G9P5J0,Candidatus Diapherotrites archaeon CG10_big_fil_rev_8_21_14_0_10_31_34 | A0A2G9P5J0
A0A2H9QEH3,Candidatus Diapherotrites archaeon CG_4_10_14_0_2_um_filter_31_5 | A0A2H9QEH3
A0A3D4Z4S7,Deltaproteobacteria bacterium | A0A3D4Z4S7
A0A8J8A6E3,Thermococcus sp. LS1 | A0A8J8A6E3
A0A4Q6EML3,Proteobacteria bacterium | A0A4Q6EML3
A0A842R1P2,Candidatus Bathyarchaeota archaeon | A0A842R1P2
A0A8J8ECR9,Thermococcus sp. 21S7 | A0A8J8ECR9
A0A524EYX9,Candidatus Lokiarchaeota archaeon | A0A524EYX9
A0A4R9M2J2,Leptospira idonii | A0A4R9M2J2
A0A534NEC9,Deltaproteobacteria bacterium | A0A534NEC9
A0A5C6DKL3,Candidatus Brocadiaceae bacterium S225 | A0A5C6DKL3
A0A497SHD0,Candidatus Aenigmarchaeota archaeon | A0A497SHD0
A0A5C9E226,Candidatus Lokiarchaeota archaeon | A0A5C9E226
A0A0F9N7H2,marine sediment metagenome | A0A0F9N7H2
A0A7J2QWE2,archaeon | A0A7J2QWE2
A0A7Y6PXF0,Kofleriaceae bacterium | A0A7Y6PXF0
A0A1H3IXF0,Halobellus clavatus | A0A1H3IXF0
A0A8J8DXT3,Thermococcus sp. GR6 | A0A8J8DXT3
A0A286U2I5,Candidatus Scalindua japonica | A0A286U2I5
X0SUQ6,marine sediment metagenome | X0SUQ6
A0A0F9JBD6,marine sediment metagenome | A0A0F9JBD6
A0A7C1LPF3,archaeon | A0A7C1LPF3
A0A7C1KMI7,Candidatus Scalindua sp | A0A7C1KMI7
A0A1G2X1Z7,Planctomycetes bacterium GWB2_41_19 | A0A1G2X1Z7
A0A1G3BII4,Planctomycetes bacterium RIFCSPHIGHO2_12_39_6 | A0A1G3BII4
A0A1G3CEY0,Planctomycetes bacterium RIFOXYC2_FULL_41_27 | A0A1G3CEY0
A0A1G3CIR7,Planctomycetes bacterium RIFOXYD12_FULL_42_12 | A0A1G3CIR7
A0A1G3CMW1,Planctomycetes bacterium RIFOXYD2_FULL_41_16 | A0A1G3CMW1
A0A7J4BB95,Candidatus Aenigmarchaeota archaeon | A0A7J4BB95
A0A534NQI6,Deltaproteobacteria bacterium | A0A534NQI6
A0A0F9SH49,marine sediment metagenome | A0A0F9SH49
A0A7J2PRZ4,archaeon | A0A7J2PRZ4
A0A1G3C302,Planctomycetes bacterium RIFCSPHIGHO2_12_39_6 | A0A1G3C302
A0A0F9KN99,marine sediment metagenome | A0A0F9KN99
A0A1Q7EU55,Deltaproteobacteria bacterium 13_1_40CM_68_24 | A0A1Q7EU55
A0A1Q7JG93,Deltaproteobacteria bacterium 13_1_40CM_4_68_19 | A0A1Q7JG93
A0A1Q7Q3U2,Chloroflexi bacterium 13_1_40CM_2_68_14 | A0A1Q7Q3U2
A0A1Q7Z2V5,Deltaproteobacteria bacterium 13_1_20CM_2_69_21 | A0A1Q7Z2V5
A0A534UTD8,Deltaproteobacteria bacterium | A0A534UTD8
A0A538QLF7,Deltaproteobacteria bacterium | A0A538QLF7
A0A524FH96,Candidatus Lokiarchaeota archaeon | A0A524FH96
A0A7W0WZ13,Deltaproteobacteria bacterium | A0A7W0WZ13
A0A8J8E2X5,Thermococcus sp. GR7 | A0A8J8E2X5
A0A8J8EVA8,Thermococcus sp. GR5 | A0A8J8EVA8
A0A8J8JHE4,Thermococcus sp. GR4 | A0A8J8JHE4
A0A2E9CFW5,Candidatus Heimdallarchaeota archaeon | A0A2E9CFW5
A0A2D5XZJ0,Candidatus Pacearchaeota archaeon | A0A2D5XZJ0
A0A2E5YFT3,Deltaproteobacteria bacterium | A0A2E5YFT3
A0A497Q3V1,Thorarchaeota archaeon (strain OWC) | A0A497Q3V1
A0A1F3Y6H6,Bdellovibrionales bacterium RIFOXYD1_FULL_53_11 | A0A1F3Y6H6
A0A842U6F9,Candidatus Lokiarchaeota archaeon | A0A842U6F9
A0A8I2A1S4,Planctomycetes bacterium | A0A8I2A1S4
A0A7W0VK42,Deltaproteobacteria bacterium | A0A7W0VK42
A0A524DMA9,Candidatus Lokiarchaeota archaeon | A0A524DMA9
A0A8J8P872,Halonotius terrestris | A0A8J8P872
A0A1G2WP93,Planctomycetes bacterium GWA2_40_7 | A0A1G2WP93
A0A1G2XKE9,Planctomycetes bacterium GWF2_40_8 | A0A1G2XKE9
A0A1G3B3S3,Planctomycetes bacterium RIFCSPHIGHO2_02_FULL_40_12 | A0A1G3B3S3
A0A1G3C3L5,Planctomycetes bacterium RIFCSPLOWO2_12_FULL_40_19 | A0A1G3C3L5
A0A3M2ATE9,Planctomycetes bacterium | A0A3M2ATE9
A0A0B0EK37,Candidatus Scalindua brodae | A0A0B0EK37
A0A5C6D6E3,Candidatus Brocadiaceae bacterium S225 | A0A5C6D6E3
A0A7W0Q2Q3,Deltaproteobacteria bacterium | A0A7W0Q2Q3
A0A842URA9,Candidatus Woesearchaeota archaeon | A0A842URA9
A0A1W9HK35,Proteobacteria bacterium SG_bin7 | A0A1W9HK35
A0A1N7F860,Haladaptatus litoreus | A0A1N7F860
A0A0F9ELD6,marine sediment metagenome | A0A0F9ELD6
A0A7J2R5Q5,archaeon | A0A7J2R5Q5
A0A0F9MHI1,marine sediment metagenome | A0A0F9MHI1
A0A7C1KLX5,Candidatus Scalindua sp | A0A7C1KLX5
A0A842UHL0,Candidatus Woesearchaeota archaeon | A0A842UHL0
A0A850GNR3,Pseudenhygromyxa sp. WMMC2535 | A0A850GNR3
A0A0B3AUF0,archaeon GW2011_AR17 | A0A0B3AUF0
A0A0M0BKB4,miscellaneous Crenarchaeota group archaeon SMTZ-80 | A0A0M0BKB4
A0A523SLD0,Candidatus Cloacimonetes bacterium | A0A523SLD0
A0A8J8AAC0,Thermococcus sp. M36 | A0A8J8AAC0
A0A523U8B5,Planctomycetes bacterium | A0A523U8B5
A0A850G3Q3,Pseudenhygromyxa sp. WMMC2535 | A0A850G3Q3
A0A1G3PAP0,Spirochaetes bacterium GWF1_31_7 | A0A1G3PAP0
A0A352V7Z6,Spirochaetia bacterium | A0A352V7Z6
A0A651GSQ8,Nitriliruptor sp | A0A651GSQ8
A0A8J3AB48,Egicoccus halophilus | A0A8J3AB48
A0A7J4I684,Candidatus Aenigmarchaeota archaeon | A0A7J4I684
A0A2P2E1Q2,Leptospira ryugenii | A0A2P2E1Q2
A0A7J3E3C0,Candidatus Aenigmarchaeota archaeon | A0A7J3E3C0
A0A8J8AIE8,Thermococcus sp. MV11 | A0A8J8AIE8
A0A7K4GWT1,Candidatus Lokiarchaeota archaeon | A0A7K4GWT1
A0A7M3MNJ9,Nitriliruptor sp | A0A7M3MNJ9
A0A2W4J0W2,Proteobacteria bacterium | A0A2W4J0W2
A0A1Q9PCV8,Candidatus Heimdallarchaeota archaeon AB_125 | A0A1Q9PCV8
A0A524FRC2,Thorarchaeota archaeon (strain OWC) | A0A524FRC2
A0A7V1N960,Deltaproteobacteria bacterium | A0A7V1N960
A0A7W1RLJ1,Deltaproteobacteria bacterium | A0A7W1RLJ1
A0A7W0VSJ5,Deltaproteobacteria bacterium | A0A7W0VSJ5
X1A3E6,marine sediment metagenome | X1A3E6
A0A0F9G6G4,marine sediment metagenome | A0A0F9G6G4
A0A7C1LPI8,archaeon | A0A7C1LPI8
A0A7C1UYJ2,bacterium | A0A7C1UYJ2
A0A2E7GHL6,Bdellovibrionaceae bacterium | A0A2E7GHL6
A0A4V3JWN3,Leptospira ilyithenensis | A0A4V3JWN3
A0A7J4IA08,Candidatus Aenigmarchaeota archaeon | A0A7J4IA08
A0A7C7ZJY5,Myxococcales bacterium | A0A7C7ZJY5
A0A1F9MS20,Deltaproteobacteria bacterium RIFOXYB12_FULL_58_9 | A0A1F9MS20
A0A523W175,Candidatus Lokiarchaeota archaeon | A0A523W175
A0A532TFW0,Candidatus Lokiarchaeota archaeon Loki_b32 | A0A532TFW0
A0A7C3XTR3,Elusimicrobia bacterium | A0A7C3XTR3
A0A524E2Z5,Candidatus Lokiarchaeota archaeon | A0A524E2Z5
A0A842RXA6,Candidatus Lokiarchaeota archaeon | A0A842RXA6
A0A0F9AH49,marine sediment metagenome | A0A0F9AH49
A0A524G9Q8,Thorarchaeota archaeon (strain OWC) | A0A524G9Q8
A0A524CUC3,Thorarchaeota archaeon (strain OWC) | A0A524CUC3
A0A7K4GXS5,Candidatus Lokiarchaeota archaeon | A0A7K4GXS5
A0A0C2CN73,Enhygromyxa salina | A0A0C2CN73
A0A2D6MMU7,Deltaproteobacteria bacterium | A0A2D6MMU7
A0A8J7YEH9,Halomicroarcula limicola | A0A8J7YEH9
A0A842QEA7,Candidatus Lokiarchaeota archaeon | A0A842QEA7
A0A7J2RB97,archaeon | A0A7J2RB97
A0A2N1SIW4,Spirochaetae bacterium HGW-Spirochaetae-3 | A0A2N1SIW4
A0A0F9KZN1,marine sediment metagenome | A0A0F9KZN1
A0A534NQU5,Deltaproteobacteria bacterium | A0A534NQU5
A0A522Z6R6,bacterium | A0A522Z6R6
A0A1Q2HPZ7,Sedimentisphaera cyanobacteriorum | A0A1Q2HPZ7
A0A539EFE7,Elusimicrobia bacterium | A0A539EFE7
A0A0F8VEB5,Lokiarchaeum sp. (strain GC14_75) | A0A0F8VEB5
A0A0F9PQ32,marine sediment metagenome | A0A0F9PQ32
A0A7J2PRK2,archaeon | A0A7J2PRK2
A0A7C5J2E6,Polyangiaceae bacterium | A0A7C5J2E6
A0A832UPC6,Candidatus Naiadarchaeales archaeon SRR2090153.bin461 | A0A832UPC6
A0A832V5Z9,Candidatus Naiadarchaeales archaeon SRR2090159.bin1288 | A0A832V5Z9
A0A524M6I4,Thorarchaeota archaeon (strain OWC) | A0A524M6I4
A0A523REB4,Candidatus Lokiarchaeota archaeon | A0A523REB4
A0A534VYK3,Deltaproteobacteria bacterium | A0A534VYK3
A0A2D6WX84,archaeon | A0A2D6WX84
A0A7K1I956,Nitriliruptoraceae bacterium ZYF776 | A0A7K1I956
A0A524FFR6,Candidatus Lokiarchaeota archaeon | A0A524FFR6
A0A1Q9NIW5,Heimdallarchaeota archaeon (strain LC_2) | A0A1Q9NIW5
A0A2D6NEM9,Candidatus Woesearchaeota archaeon | A0A2D6NEM9
A0A0B3AIX9,Archaeon GW2011_AR5 | A0A0B3AIX9
A0A842NSY6,archaeon | A0A842NSY6
A0A1F8JBD1,Chlamydiae bacterium RIFCSPHIGHO2_12_FULL_27_8 | A0A1F8JBD1
A0A0K1PEE4,Vulgatibacter incomptus | A0A0K1PEE4
A0A1Q9N5X0,Odinarchaeota archaeon (strain LCB_4) | A0A1Q9N5X0
A0A7C3WHW2,Candidatus Aenigmarchaeota archaeon | A0A7C3WHW2
A0A842T4M6,Candidatus Lokiarchaeota archaeon | A0A842T4M6
A0A7C3M469,Candidatus Aenigmarchaeota archaeon | A0A7C3M469
A0A534PZD2,Deltaproteobacteria bacterium | A0A534PZD2
A0A8B3ST15,Halobacteriovorax vibrionivorans | A0A8B3ST15
A0A3L6JLC1,Thorarchaeota archaeon (strain OWC) | A0A3L6JLC1
A0A523VWN5,Candidatus Lokiarchaeota archaeon | A0A523VWN5
A0A1Q7M6V4,Deltaproteobacteria bacterium 13_1_40CM_3_69_14 | A0A1Q7M6V4
A0A534UNA7,Deltaproteobacteria bacterium | A0A534UNA7
M0NGC3,Halococcus thailandensis JCM 13552 | M0NGC3
A0A523S0R4,Thorarchaeota archaeon (strain OWC) | A0A523S0R4
A0A2P6W1N7,Nanohaloarchaea archaeon SW_7_43_1 | A0A2P6W1N7
A0A2P6W4W1,Nanohaloarchaea archaeon SW_4_43_9 | A0A2P6W4W1
A0A2P6W9G8,Nanohaloarchaea archaeon SW_10_44_10 | A0A2P6W9G8
A0A2P6WB43,Nanohaloarchaea archaeon QH_8_44_6 | A0A2P6WB43
A0A849QGL7,Thorarchaeota archaeon (strain OWC) | A0A849QGL7
A0A1Q9NEZ9,Heimdallarchaeota archaeon (strain LC_2) | A0A1Q9NEZ9
M0MY02,Halococcus morrhuae DSM 1307 | M0MY02
A0A524LK47,Thorarchaeota archaeon (strain OWC) | A0A524LK47
M0NET3,Halococcus thailandensis JCM 13552 | M0NET3
A0A6G7GTJ9,Kuenenia stuttgartiensis | A0A6G7GTJ9
A0A1G2ZJ06,Planctomycetes bacterium RBG_16_41_13 | A0A1G2ZJ06
A0A2C9CBK7,Kuenenia stuttgartiensis | A0A2C9CBK7
A0A1S6H1R8,uncultured archaeon | A0A1S6H1R8
A0A7X9FPL7,SAR324 cluster bacterium | A0A7X9FPL7
A0A7V4S4G2,Elusimicrobia bacterium | A0A7V4S4G2
A0A2E9PQC6,Candidatus Marinimicrobia bacterium | A0A2E9PQC6
A0A524K7R2,Spirochaetales bacterium | A0A524K7R2
A0A539ELE4,Elusimicrobia bacterium | A0A539ELE4
A0A1Q9P2N0,Heimdallarchaeota archaeon (strain LC_2) | A0A1Q9P2N0
A0A353CX55,Candidatus Andersenbacteria bacterium | A0A353CX55
A0A8J7TJK6,archaeon AH-315-M20 | A0A8J7TJK6
A0A6M1YF76,Candidatus Anoxychlamydiales bacterium | A0A6M1YF76
A0A356KCT9,Planctomycetes bacterium | A0A356KCT9
A0A7L4RC86,Candidatus Micrarchaeota archaeon | A0A7L4RC86
A0A7Y3J330,Spirochaetales bacterium | A0A7Y3J330
M0MUD7,Halococcus morrhuae DSM 1307 | M0MUD7
A0A355E283,Elusimicrobia bacterium | A0A355E283
A0A832UX73,Candidatus Naiadarchaeales archaeon SRR2090153.bin461 | A0A832UX73
A0A365T7K8,halophilic archaeon | A0A365T7K8
A0A7C7YQN0,Planctomycetes bacterium | A0A7C7YQN0
A0A2A5DHI0,Planctomycetes bacterium | A0A2A5DHI0
A0A523Z8N1,Candidatus Stahlbacteria bacterium | A0A523Z8N1
A0A7C4GHG0,Candidatus Aenigmarchaeota archaeon | A0A7C4GHG0
A0A382C7D0,marine metagenome | A0A382C7D0
A0A1F9L9J2,Deltaproteobacteria bacterium RIFOXYA12_FULL_58_15 | A0A1F9L9J2
A0A151EEH2,Euryarchaeota archaeon SM23-78 | A0A151EEH2
A0A842XSH6,Thermoplasmata archaeon | A0A842XSH6
A0A524G416,Thorarchaeota archaeon (strain OWC) | A0A524G416
A0A842SQS3,Candidatus Woesearchaeota archaeon | A0A842SQS3
A0A2D6NWY2,Nanoarchaeota archaeon | A0A2D6NWY2
A0A1G3YFZ0,Treponema sp. GWC1_61_84 | A0A1G3YFZ0
A0A3D3FS87,Treponema sp | A0A3D3FS87
A0A432IE34,Firmicutes bacterium | A0A432IE34
A0A432H5E1,Planctomycetes bacterium | A0A432H5E1
A0A7C3R9M7,Candidatus Aenigmarchaeota archaeon | A0A7C3R9M7
A0A7K4CMB7,Candidatus Lokiarchaeota archaeon | A0A7K4CMB7
A0A8J6XZ43,Candidatus Polarisedimenticola svalbardensis | A0A8J6XZ43
A0A524J7R6,Methanomassiliicoccus sp | A0A524J7R6
A0A7C3ZG32,Candidatus Woesearchaeota archaeon | A0A7C3ZG32
A0A0F9T4K7,marine sediment metagenome | A0A0F9T4K7
A0A660ZXP1,bacterium | A0A660ZXP1
A0A2H0RYN2,Candidatus Peregrinibacteria bacterium CG10_big_fil_rev_8_21_14_0_10_49_24 | A0A2H0RYN2
A0A2E3XTR4,Halobacteriovoraceae bacterium | A0A2E3XTR4
A0A2D5ZU05,Bdellovibrionaceae bacterium | A0A2D5ZU05
A0A8J7U6J6,Candidatus Brockarchaeota archaeon | A0A8J7U6J6
A0A365T5Q6,halophilic archaeon | A0A365T5Q6
A0A7J4V546,Thermoplasmata archaeon | A0A7J4V546
H2CFS2,Leptonema illini DSM 21528 | H2CFS2
A0A7C1TCQ0,bacterium | A0A7C1TCQ0
A0A833H2J8,Leptonema illini | A0A833H2J8
A0A1G2XTA8,Planctomycetes bacterium GWF2_40_8 | A0A1G2XTA8
A0A6M1ZCZ7,Chlamydiae bacterium | A0A6M1ZCZ7
A0A7C7H6C6,Planctomycetes bacterium | A0A7C7H6C6
A0A850GJH6,Pseudenhygromyxa sp. WMMC2535 | A0A850GJH6
A0A1F9WYX0,Elusimicrobia bacterium RIFOXYA2_FULL_40_6 | A0A1F9WYX0
A0A842SE10,Candidatus Woesearchaeota archaeon | A0A842SE10
Q6MIV3,Bdellovibrio bacteriovorus (strain ATCC 15356 / DSM 50701 / NCIMB 9529 / HD100) | Q6MIV3
A0A0F9UZQ9,marine sediment metagenome | A0A0F9UZQ9
K7ZBU6,Bdellovibrio bacteriovorus str. Tiberius | K7ZBU6
A0A1F3SVH3,Bdellovibrionales bacterium GWA2_49_15 | A0A1F3SVH3
A0A534QV65,Deltaproteobacteria bacterium | A0A534QV65
A0A2M7S363,Elusimicrobia bacterium CG_4_10_14_0_8_um_filter_37_32 | A0A2M7S363
A0A7J2ZLQ5,Candidatus Aenigmarchaeota archaeon | A0A7J2ZLQ5
A0A1W9N6V1,Spirochaeta sp. LUC14_002_19_P3 | A0A1W9N6V1
A0A8J7QKA2,Candidatus Brockarchaeota archaeon | A0A8J7QKA2
A0A2E6ELJ5,Rickettsiales bacterium | A0A2E6ELJ5
A0A1F9XAK9,Elusimicrobia bacterium RIFOXYB2_FULL_50_12 | A0A1F9XAK9
A0A1F9UH74,Elusimicrobia bacterium RIFCSPHIGHO2_02_FULL_57_9 | A0A1F9UH74
A0A523VQR1,Candidatus Lokiarchaeota archaeon | A0A523VQR1
A0A2A5A6T5,Planctomycetes bacterium | A0A2A5A6T5
A0A842MTQ9,Hadesarchaea archaeon | A0A842MTQ9
A0A1F9HA48,Deltaproteobacteria bacterium RIFCSPLOWO2_02_FULL_40_36 | A0A1F9HA48
A0A7C4F236,Hadesarchaea archaeon | A0A7C4F236
A0A842YQ84,Candidatus Bathyarchaeota archaeon | A0A842YQ84
A0A1J4UU12,Candidatus Micrarchaeota archaeon CG1_02_60_51 | A0A1J4UU12
A0A2G9NZ39,Candidatus Micrarchaeota archaeon CG10_big_fil_rev_8_21_14_0_10_60_32 | A0A2G9NZ39
A0A3D2C7U9,Deltaproteobacteria bacterium | A0A3D2C7U9
A0A3M2F8B9,Candidatus Hydrogenedentes bacterium | A0A3M2F8B9
A0A7C5AAS0,Hadesarchaea archaeon | A0A7C5AAS0
A0A2E7RLV0,Planctomycetes bacterium | A0A2E7RLV0
A0A5E4I5J6,uncultured archaeon | A0A5E4I5J6
A0A1F9XKH0,Elusimicrobia bacterium RIFOXYB2_FULL_48_7 | A0A1F9XKH0
A0A2D7PHW0,Deltaproteobacteria bacterium | A0A2D7PHW0
A0A2G9PKP6,Candidatus Micrarchaeota archaeon CG09_land_8_20_14_0_10_55_25 | A0A2G9PKP6
A0A2H9Q9I2,Candidatus Micrarchaeota archaeon CG_4_10_14_0_2_um_filter_55_9 | A0A2H9Q9I2
A0A2H9SB56,Candidatus Micrarchaeota archaeon CG10_big_fil_rev_8_21_14_0_10_54_18 | A0A2H9SB56
A0A1F3V8J0,Bdellovibrionales bacterium RIFOXYC1_FULL_37_79 | A0A1F3V8J0
A0A1F9YZ31,Euryarchaeota archaeon RBG_13_57_23 | A0A1F9YZ31
A0A5E4JTX3,uncultured archaeon | A0A5E4JTX3
A0A522E257,archaeon | A0A522E257
A0A1F9ZV37,Euryarchaeota archaeon RBG_19FT_COMBO_56_21 | A0A1F9ZV37
A0A2E5YTP9,Deltaproteobacteria bacterium | A0A2E5YTP9
A0A2M6Z2P5,Candidatus Hydrogenedentes bacterium CG07_land_8_20_14_0_80_42_17 | A0A2M6Z2P5
A0A358V0T9,bacterium | A0A358V0T9
A0A7C7ZK60,Myxococcales bacterium | A0A7C7ZK60
A0A554IS48,Candidatus Peregrinibacteria bacterium Greene0416_19 | A0A554IS48
A0A2D7DKM0,Spirochaeta sp | A0A2D7DKM0
A0A424KA57,Proteobacteria bacterium TMED72 | A0A424KA57
A0A7C3U3I2,Hadesarchaea archaeon | A0A7C3U3I2
D2EFI3,Candidatus Parvarchaeum acidiphilum ARMAN-4 | D2EFI3
A0A2D5WBB2,Planctomycetes bacterium | A0A2D5WBB2
A0A2D6Q7B9,archaeon | A0A2D6Q7B9
A0A7C8DLG5,Myxococcales bacterium | A0A7C8DLG5
A0A5E4LTC7,uncultured archaeon | A0A5E4LTC7
A0A1F9U9V2,Elusimicrobia bacterium RIFCSPLOWO2_01_FULL_60_11 | A0A1F9U9V2
A0A1F9V6N1,Elusimicrobia bacterium RIFCSPLOWO2_12_FULL_39_28 | A0A1F9V6N1
A0A7C4JA02,Hadesarchaea archaeon | A0A7C4JA02
A0A2D7DNC7,Spirochaeta sp | A0A2D7DNC7
A0A1G2WND1,Planctomycetes bacterium GWA2_40_7 | A0A1G2WND1
A0A1G3B2D1,Planctomycetes bacterium RIFCSPHIGHO2_02_FULL_40_12 | A0A1G3B2D1
A0A1G3C6W1,Planctomycetes bacterium RIFCSPLOWO2_12_FULL_40_19 | A0A1G3C6W1
A0A5E4LPW5,uncultured archaeon | A0A5E4LPW5
A0A2D5B233,Planctomycetes bacterium | A0A2D5B233
A0A0F9LSQ3,marine sediment metagenome | A0A0F9LSQ3
A0A2M7B213,Elusimicrobia bacterium CG06_land_8_20_14_3_00_38_11 | A0A2M7B213
A0A7J3XE31,Candidatus Aenigmarchaeota archaeon | A0A7J3XE31
A0A7C7YJF2,Myxococcales bacterium | A0A7C7YJF2
A0A2I0Q7B9,Elusimicrobia bacterium HGW-Elusimicrobia-4 | A0A2I0Q7B9
A0A534YS46,Deltaproteobacteria bacterium | A0A534YS46
A0A523DGR1,Acidobacteria bacterium | A0A523DGR1
A0A5E4JFQ7,uncultured archaeon | A0A5E4JFQ7
A0A0F9RHQ8,marine sediment metagenome | A0A0F9RHQ8
A0A518BNL0,Planctomycetes bacterium Pla133 | A0A518BNL0
A0A523IPI7,Deltaproteobacteria bacterium | A0A523IPI7
A0A849PKT5,archaeon | A0A849PKT5
A0A7W0VF60,Deltaproteobacteria bacterium | A0A7W0VF60
A0A0F9RBX3,marine sediment metagenome | A0A0F9RBX3
A0A7C1M637,archaeon | A0A7C1M637
A0A2H9L751,Candidatus Micrarchaeota archaeon CG08_land_8_20_14_0_20_49_17 | A0A2H9L751
A0A2H9LXD1,Candidatus Micrarchaeota archaeon CG06_land_8_20_14_3_00_50_6 | A0A2H9LXD1
A0A2D6HHA6,Planctomycetes bacterium | A0A2D6HHA6
A0A7C7U8G6,Myxococcales bacterium | A0A7C7U8G6
A0A0F9TVW3,marine sediment metagenome | A0A0F9TVW3
A0A7J2PR60,archaeon | A0A7J2PR60
A0A847F3G7,Sandaracinaceae bacterium | A0A847F3G7
A0A1S6H1G1,uncultured archaeon | A0A1S6H1G1
A0A1J4VY00,Candidatus Pacearchaeota archaeon CG1_02_32_21 | A0A1J4VY00
A0A2G9NV83,Candidatus Pacearchaeota archaeon CG10_big_fil_rev_8_21_14_0_10_31_9 | A0A2G9NV83
A0A2D5XMR4,Planctomycetes bacterium | A0A2D5XMR4
A0A2E3NG42,Deltaproteobacteria bacterium | A0A2E3NG42
A0A0F9NID7,marine sediment metagenome | A0A0F9NID7
